Match Number,Round Number,Date,Location,Home Team,Away Team,Result
1,1,2024-10-22T23:40:00Z,TD Garden,Boston Celtics,New York Knicks,132 - 109
2,1,2024-10-23T02:10:00Z,Crypto.com Arena,Los Angeles Lakers,Minnesota Timberwolves,110 - 103
3,1,2024-10-23T23:10:00Z,Little Caesars Arena,Detroit Pistons,Indiana Pacers,109 - 115
4,1,2024-10-23T23:40:00Z,State Farm Arena,Atlanta Hawks,Brooklyn Nets,120 - 116
5,1,2024-10-23T23:40:00Z,Kaseya Center,Miami Heat,Orlando Magic,97 - 116
6,1,2024-10-23T23:40:00Z,Wells Fargo Center,Philadelphia 76ers,Milwaukee Bucks,109 - 124
7,1,2024-10-23T23:40:00Z,Scotiabank Arena,Toronto Raptors,Cleveland Cavaliers,106 - 136
8,1,2024-10-24T00:10:00Z,Toyota Center,Houston Rockets,Charlotte Hornets,105 - 110
9,1,2024-10-24T00:10:00Z,Smoothie King Center,New Orleans Pelicans,Chicago Bulls,123 - 111
10,1,2024-10-24T01:10:00Z,Delta Center,Utah Jazz,Memphis Grizzlies,124 - 126
11,1,2024-10-24T02:10:00Z,Intuit Dome,Los Angeles Clippers,Phoenix Suns,113 - 116
12,1,2024-10-24T02:10:00Z,Moda Center,Portland Trail Blazers,Golden State Warriors,104 - 140
13,1,2024-10-24T23:10:00Z,Capital One Arena,Washington Wizards,Boston Celtics,102 - 122
14,1,2024-10-24T23:40:00Z,American Airlines Center,Dallas Mavericks,San Antonio Spurs,120 - 109
15,1,2024-10-25T02:10:00Z,Ball Arena,Denver Nuggets,Oklahoma City Thunder,87 - 102
16,1,2024-10-25T02:10:00Z,Golden 1 Center,Sacramento Kings,Minnesota Timberwolves,115 - 117
17,1,2024-10-25T23:10:00Z,Kia Center,Orlando Magic,Brooklyn Nets,116 - 101
18,1,2024-10-25T23:10:00Z,Scotiabank Arena,Toronto Raptors,Philadelphia 76ers,115 - 107
19,1,2024-10-25T23:40:00Z,State Farm Arena,Atlanta Hawks,Charlotte Hornets,125 - 120
20,1,2024-10-25T23:40:00Z,Rocket Mortgage FieldHouse,Cleveland Cavaliers,Detroit Pistons,113 - 101
21,1,2024-10-25T23:40:00Z,Madison Square Garden,New York Knicks,Indiana Pacers,123 - 98
22,1,2024-10-26T00:10:00Z,Toyota Center,Houston Rockets,Memphis Grizzlies,128 - 108
23,1,2024-10-26T00:10:00Z,Fiserv Forum,Milwaukee Bucks,Chicago Bulls,122 - 133
24,1,2024-10-26T01:40:00Z,Delta Center,Utah Jazz,Golden State Warriors,86 - 127
25,1,2024-10-26T02:10:00Z,Crypto.com Arena,Los Angeles Lakers,Phoenix Suns,123 - 116
26,1,2024-10-26T02:10:00Z,Moda Center,Portland Trail Blazers,New Orleans Pelicans,103 - 105
27,1,2024-10-26T21:10:00Z,Ball Arena,Denver Nuggets,Los Angeles Clippers,104 - 109
28,1,2024-10-26T23:10:00Z,Spectrum Center,Charlotte Hornets,Miami Heat,106 - 114
29,1,2024-10-26T23:10:00Z,Little Caesars Arena,Detroit Pistons,Boston Celtics,118 - 124
30,1,2024-10-26T23:10:00Z,Capital One Arena,Washington Wizards,Cleveland Cavaliers,116 - 135
31,1,2024-10-27T00:10:00Z,United Center,Chicago Bulls,Oklahoma City Thunder,95 - 114
32,1,2024-10-27T00:10:00Z,FedExForum,Memphis Grizzlies,Orlando Magic,124 - 111
33,1,2024-10-27T00:10:00Z,Target Center,Minnesota Timberwolves,Toronto Raptors,112 - 101
34,1,2024-10-27T00:40:00Z,Frost Bank Center,San Antonio Spurs,Houston Rockets,109 - 106
35,1,2024-10-27T02:10:00Z,Footprint Center,Phoenix Suns,Dallas Mavericks,114 - 102
36,1,2024-10-27T02:40:00Z,Crypto.com Arena,Los Angeles Lakers,Sacramento Kings,131 - 127
37,1,2024-10-27T19:40:00Z,Gainbridge Fieldhouse,Indiana Pacers,Philadelphia 76ers,114 - 118
38,1,2024-10-27T22:10:00Z,Barclays Center,Brooklyn Nets,Milwaukee Bucks,115 - 102
39,1,2024-10-27T22:10:00Z,Moda Center,Portland Trail Blazers,New Orleans Pelicans,125 - 103
40,1,2024-10-27T23:10:00Z,Paycom Center,Oklahoma City Thunder,Atlanta Hawks,128 - 104
41,1,2024-10-28T00:40:00Z,Chase Center,Golden State Warriors,Los Angeles Clippers,104 - 112
42,1,2024-10-28T23:10:00Z,Kia Center,Orlando Magic,Indiana Pacers,119 - 115
43,1,2024-10-28T23:40:00Z,State Farm Arena,Atlanta Hawks,Washington Wizards,119 - 121
44,1,2024-10-28T23:40:00Z,TD Garden,Boston Celtics,Milwaukee Bucks,119 - 108
45,1,2024-10-28T23:40:00Z,Kaseya Center,Miami Heat,Detroit Pistons,106 - 98
46,1,2024-10-28T23:40:00Z,Madison Square Garden,New York Knicks,Cleveland Cavaliers,104 - 110
47,1,2024-10-28T23:40:00Z,Scotiabank Arena,Toronto Raptors,Denver Nuggets,125 - 127
48,1,2024-10-29T00:10:00Z,FedExForum,Memphis Grizzlies,Chicago Bulls,123 - 126
49,1,2024-10-29T00:10:00Z,Frost Bank Center,San Antonio Spurs,Houston Rockets,101 - 106
50,1,2024-10-29T00:40:00Z,American Airlines Center,Dallas Mavericks,Utah Jazz,110 - 102
51,1,2024-10-29T02:10:00Z,Footprint Center,Phoenix Suns,Los Angeles Lakers,109 - 105
52,1,2024-10-29T02:10:00Z,Golden 1 Center,Sacramento Kings,Portland Trail Blazers,111 - 98
53,1,2024-10-29T23:40:00Z,Barclays Center,Brooklyn Nets,Denver Nuggets,139 - 144
54,1,2024-10-29T23:40:00Z,Target Center,Minnesota Timberwolves,Dallas Mavericks,114 - 120
55,1,2024-10-30T01:10:00Z,Delta Center,Utah Jazz,Sacramento Kings,96 - 113
56,1,2024-10-30T02:10:00Z,Chase Center,Golden State Warriors,New Orleans Pelicans,124 - 106
57,2,2024-10-30T23:10:00Z,Spectrum Center,Charlotte Hornets,Toronto Raptors,138 - 133
58,2,2024-10-30T23:10:00Z,Rocket Mortgage FieldHouse,Cleveland Cavaliers,Los Angeles Lakers,134 - 110
59,2,2024-10-30T23:10:00Z,Gainbridge Fieldhouse,Indiana Pacers,Boston Celtics,135 - 132
60,2,2024-10-30T23:10:00Z,Wells Fargo Center,Philadelphia 76ers,Detroit Pistons,95 - 105
61,2,2024-10-30T23:10:00Z,Capital One Arena,Washington Wizards,Atlanta Hawks,133 - 120
62,2,2024-10-30T23:40:00Z,Kaseya Center,Miami Heat,New York Knicks,107 - 116
63,2,2024-10-31T00:10:00Z,United Center,Chicago Bulls,Orlando Magic,102 - 99
64,2,2024-10-31T00:10:00Z,FedExForum,Memphis Grizzlies,Brooklyn Nets,106 - 119
65,2,2024-10-31T01:40:00Z,Paycom Center,Oklahoma City Thunder,San Antonio Spurs,105 - 93
66,2,2024-10-31T02:10:00Z,Chase Center,Golden State Warriors,New Orleans Pelicans,104 - 89
67,2,2024-10-31T02:40:00Z,Intuit Dome,Los Angeles Clippers,Portland Trail Blazers,105 - 106
68,2,2024-11-01T00:10:00Z,FedExForum,Memphis Grizzlies,Milwaukee Bucks,122 - 99
69,2,2024-11-01T00:40:00Z,American Airlines Center,Dallas Mavericks,Houston Rockets,102 - 108
70,2,2024-11-01T01:10:00Z,Delta Center,Utah Jazz,San Antonio Spurs,88 - 106
71,2,2024-11-01T02:40:00Z,Intuit Dome,Los Angeles Clippers,Phoenix Suns,119 - 125
72,2,2024-11-01T23:10:00Z,Spectrum Center,Charlotte Hornets,Boston Celtics,109 - 124
73,2,2024-11-01T23:10:00Z,Rocket Mortgage FieldHouse,Cleveland Cavaliers,Orlando Magic,120 - 109
74,2,2024-11-01T23:10:00Z,Little Caesars Arena,Detroit Pistons,New York Knicks,98 - 128
75,2,2024-11-01T23:40:00Z,State Farm Arena,Atlanta Hawks,Sacramento Kings,115 - 123
76,2,2024-11-01T23:40:00Z,Barclays Center,Brooklyn Nets,Chicago Bulls,120 - 112
77,2,2024-11-01T23:40:00Z,Scotiabank Arena,Toronto Raptors,Los Angeles Lakers,125 - 131
78,2,2024-11-02T00:10:00Z,Smoothie King Center,New Orleans Pelicans,Indiana Pacers,125 - 118
79,2,2024-11-02T01:40:00Z,Target Center,Minnesota Timberwolves,Denver Nuggets,119 - 116
80,2,2024-11-02T02:10:00Z,Moda Center,Portland Trail Blazers,Oklahoma City Thunder,114 - 137
81,2,2024-11-02T22:10:00Z,Spectrum Center,Charlotte Hornets,Boston Celtics,103 - 113
82,2,2024-11-02T23:40:00Z,Wells Fargo Center,Philadelphia 76ers,Memphis Grizzlies,104 - 124
83,2,2024-11-02T23:40:00Z,Scotiabank Arena,Toronto Raptors,Sacramento Kings,131 - 128
84,2,2024-11-03T00:10:00Z,Toyota Center,Houston Rockets,Golden State Warriors,121 - 127
85,2,2024-11-03T00:10:00Z,Fiserv Forum,Milwaukee Bucks,Cleveland Cavaliers,113 - 114
86,2,2024-11-03T00:10:00Z,Frost Bank Center,San Antonio Spurs,Minnesota Timberwolves,113 - 103
87,2,2024-11-03T01:40:00Z,Arena CDMX,Washington Wizards,Miami Heat,98 - 118
88,2,2024-11-03T02:10:00Z,Ball Arena,Denver Nuggets,Utah Jazz,129 - 103
89,2,2024-11-03T02:10:00Z,Footprint Center,Phoenix Suns,Portland Trail Blazers,103 - 97
90,2,2024-11-03T02:40:00Z,Intuit Dome,Los Angeles Clippers,Oklahoma City Thunder,92 - 105
91,2,2024-11-03T20:40:00Z,Barclays Center,Brooklyn Nets,Detroit Pistons,92 - 106
92,2,2024-11-04T00:10:00Z,Smoothie King Center,New Orleans Pelicans,Atlanta Hawks,111 - 126
93,2,2024-11-04T00:40:00Z,American Airlines Center,Dallas Mavericks,Orlando Magic,108 - 85
94,2,2024-11-05T00:10:00Z,Rocket Mortgage FieldHouse,Cleveland Cavaliers,Milwaukee Bucks,116 - 114
95,2,2024-11-05T00:25:00Z,Capital One Arena,Washington Wizards,Golden State Warriors,112 - 125
96,2,2024-11-05T00:40:00Z,Little Caesars Arena,Detroit Pistons,Los Angeles Lakers,115 - 103
97,2,2024-11-05T00:55:00Z,State Farm Arena,Atlanta Hawks,Boston Celtics,93 - 123
98,2,2024-11-05T01:10:00Z,Barclays Center,Brooklyn Nets,Memphis Grizzlies,106 - 104
99,2,2024-11-05T01:25:00Z,Kaseya Center,Miami Heat,Sacramento Kings,110 - 111
100,2,2024-11-05T01:40:00Z,United Center,Chicago Bulls,Utah Jazz,126 - 135
101,2,2024-11-05T01:55:00Z,Toyota Center,Houston Rockets,New York Knicks,109 - 97
102,2,2024-11-05T02:10:00Z,Target Center,Minnesota Timberwolves,Charlotte Hornets,114 - 93
103,2,2024-11-05T02:25:00Z,Paycom Center,Oklahoma City Thunder,Orlando Magic,102 - 86
104,2,2024-11-05T02:40:00Z,Smoothie King Center,New Orleans Pelicans,Portland Trail Blazers,100 - 118
105,2,2024-11-05T02:55:00Z,American Airlines Center,Dallas Mavericks,Indiana Pacers,127 - 134
106,2,2024-11-05T03:10:00Z,Ball Arena,Denver Nuggets,Toronto Raptors,121 - 119
107,2,2024-11-05T03:25:00Z,Footprint Center,Phoenix Suns,Philadelphia 76ers,118 - 116
108,2,2024-11-05T03:40:00Z,Intuit Dome,Los Angeles Clippers,San Antonio Spurs,113 - 104
109,3,2024-11-07T00:10:00Z,Spectrum Center,Charlotte Hornets,Detroit Pistons,108 - 107
110,3,2024-11-07T00:10:00Z,Gainbridge Fieldhouse,Indiana Pacers,Orlando Magic,118 - 111
111,3,2024-11-07T00:40:00Z,State Farm Arena,Atlanta Hawks,New York Knicks,121 - 116
112,3,2024-11-07T00:40:00Z,TD Garden,Boston Celtics,Golden State Warriors,112 - 118
113,3,2024-11-07T01:10:00Z,Toyota Center,Houston Rockets,San Antonio Spurs,127 - 100
114,3,2024-11-07T01:10:00Z,FedExForum,Memphis Grizzlies,Los Angeles Lakers,131 - 114
115,3,2024-11-07T01:10:00Z,Smoothie King Center,New Orleans Pelicans,Cleveland Cavaliers,122 - 131
116,3,2024-11-07T01:40:00Z,American Airlines Center,Dallas Mavericks,Chicago Bulls,119 - 99
117,3,2024-11-07T02:10:00Z,Ball Arena,Denver Nuggets,Oklahoma City Thunder,124 - 122
118,3,2024-11-07T02:10:00Z,Footprint Center,Phoenix Suns,Miami Heat,115 - 112
119,3,2024-11-07T03:10:00Z,Intuit Dome,Los Angeles Clippers,Philadelphia 76ers,110 - 98
120,3,2024-11-07T03:10:00Z,Golden 1 Center,Sacramento Kings,Toronto Raptors,122 - 107
121,3,2024-11-08T01:10:00Z,United Center,Chicago Bulls,Minnesota Timberwolves,119 - 135
122,3,2024-11-08T01:10:00Z,Fiserv Forum,Milwaukee Bucks,Utah Jazz,123 - 100
123,3,2024-11-08T01:10:00Z,Frost Bank Center,San Antonio Spurs,Portland Trail Blazers,118 - 105
124,3,2024-11-09T00:10:00Z,Spectrum Center,Charlotte Hornets,Indiana Pacers,103 - 83
125,3,2024-11-09T00:10:00Z,Little Caesars Arena,Detroit Pistons,Atlanta Hawks,122 - 121
126,3,2024-11-09T00:10:00Z,Kia Center,Orlando Magic,New Orleans Pelicans,115 - 88
127,3,2024-11-09T00:40:00Z,TD Garden,Boston Celtics,Brooklyn Nets,108 - 104
128,3,2024-11-09T00:40:00Z,Rocket Mortgage FieldHouse,Cleveland Cavaliers,Golden State Warriors,136 - 117
129,3,2024-11-09T00:40:00Z,Madison Square Garden,New York Knicks,Milwaukee Bucks,116 - 94
130,3,2024-11-09T00:40:00Z,American Airlines Center,Dallas Mavericks,Phoenix Suns,113 - 114
131,3,2024-11-09T01:10:00Z,FedExForum,Memphis Grizzlies,Washington Wizards,128 - 104
132,3,2024-11-09T01:10:00Z,Paycom Center,Oklahoma City Thunder,Houston Rockets,126 - 107
133,3,2024-11-09T02:10:00Z,Target Center,Minnesota Timberwolves,Portland Trail Blazers,127 - 102
134,3,2024-11-09T02:10:00Z,Ball Arena,Denver Nuggets,Miami Heat,135 - 122
135,3,2024-11-09T03:10:00Z,Crypto.com Arena,Los Angeles Lakers,Philadelphia 76ers,116 - 106
136,3,2024-11-09T03:10:00Z,Golden 1 Center,Sacramento Kings,Los Angeles Clippers,98 - 107
137,3,2024-11-09T22:10:00Z,Frost Bank Center,San Antonio Spurs,Utah Jazz,110 - 111
138,3,2024-11-10T00:40:00Z,State Farm Arena,Atlanta Hawks,Chicago Bulls,113 - 125
139,3,2024-11-10T00:40:00Z,Rocket Mortgage FieldHouse,Cleveland Cavaliers,Brooklyn Nets,105 - 100
140,3,2024-11-10T03:40:00Z,Intuit Dome,Los Angeles Clippers,Toronto Raptors,105 - 103
141,3,2024-11-10T20:10:00Z,Little Caesars Arena,Detroit Pistons,Houston Rockets,99 - 101
142,3,2024-11-10T20:40:00Z,Fiserv Forum,Milwaukee Bucks,Boston Celtics,107 - 113
143,3,2024-11-10T22:10:00Z,Gainbridge Fieldhouse,Indiana Pacers,New York Knicks,132 - 121
144,3,2024-11-10T23:10:00Z,Kia Center,Orlando Magic,Washington Wizards,121 - 94
145,3,2024-11-11T00:10:00Z,Wells Fargo Center,Philadelphia 76ers,Charlotte Hornets,107 - 105
146,3,2024-11-11T00:10:00Z,Target Center,Minnesota Timberwolves,Miami Heat,94 - 95
147,3,2024-11-11T00:10:00Z,Paycom Center,Oklahoma City Thunder,Golden State Warriors,116 - 127
148,3,2024-11-11T01:10:00Z,Ball Arena,Denver Nuggets,Dallas Mavericks,122 - 120
149,3,2024-11-11T01:10:00Z,Footprint Center,Phoenix Suns,Sacramento Kings,118 - 127
150,3,2024-11-11T02:10:00Z,Moda Center,Portland Trail Blazers,Memphis Grizzlies,89 - 134
151,3,2024-11-11T02:40:00Z,Crypto.com Arena,Los Angeles Lakers,Toronto Raptors,123 - 103
152,3,2024-11-12T01:10:00Z,United Center,Chicago Bulls,Cleveland Cavaliers,113 - 119
153,3,2024-11-12T01:10:00Z,Toyota Center,Houston Rockets,Washington Wizards,107 - 92
154,3,2024-11-12T01:10:00Z,Smoothie King Center,New Orleans Pelicans,Brooklyn Nets,105 - 107
155,3,2024-11-12T01:10:00Z,Paycom Center,Oklahoma City Thunder,Los Angeles Clippers,134 - 128
156,3,2024-11-12T01:10:00Z,Frost Bank Center,San Antonio Spurs,Sacramento Kings,116 - 96
157,3,2024-11-13T00:10:00Z,TD Garden,Boston Celtics,Atlanta Hawks,116 - 117
158,3,2024-11-13T00:10:00Z,Little Caesars Arena,Detroit Pistons,Miami Heat,123 - 121
159,3,2024-11-13T00:10:00Z,Kia Center,Orlando Magic,Charlotte Hornets,114 - 89
160,3,2024-11-13T00:40:00Z,Wells Fargo Center,Philadelphia 76ers,New York Knicks,99 - 111
161,3,2024-11-13T01:10:00Z,Fiserv Forum,Milwaukee Bucks,Toronto Raptors,99 - 85
162,3,2024-11-13T02:10:00Z,Delta Center,Utah Jazz,Phoenix Suns,112 - 120
163,3,2024-11-13T03:10:00Z,Chase Center,Golden State Warriors,Dallas Mavericks,120 - 117
164,3,2024-11-13T03:10:00Z,Moda Center,Portland Trail Blazers,Minnesota Timberwolves,122 - 108
165,4,2024-11-14T00:10:00Z,Kia Center,Orlando Magic,Indiana Pacers,94 - 90
166,4,2024-11-14T00:40:00Z,Barclays Center,Brooklyn Nets,Boston Celtics,114 - 139
167,4,2024-11-14T00:40:00Z,Madison Square Garden,New York Knicks,Chicago Bulls,123 - 124
168,4,2024-11-14T00:40:00Z,Wells Fargo Center,Philadelphia 76ers,Cleveland Cavaliers,106 - 114
169,4,2024-11-14T00:40:00Z,Paycom Center,Oklahoma City Thunder,New Orleans Pelicans,106 - 88
170,4,2024-11-14T01:10:00Z,Toyota Center,Houston Rockets,Los Angeles Clippers,111 - 103
171,4,2024-11-14T01:10:00Z,Fiserv Forum,Milwaukee Bucks,Detroit Pistons,127 - 120
172,4,2024-11-14T01:10:00Z,Frost Bank Center,San Antonio Spurs,Washington Wizards,139 - 130
173,4,2024-11-14T03:10:00Z,Crypto.com Arena,Los Angeles Lakers,Memphis Grizzlies,128 - 123
174,4,2024-11-14T03:10:00Z,Moda Center,Portland Trail Blazers,Minnesota Timberwolves,106 - 98
175,4,2024-11-14T03:10:00Z,Golden 1 Center,Sacramento Kings,Phoenix Suns,127 - 104
176,4,2024-11-15T02:10:00Z,Delta Center,Utah Jazz,Dallas Mavericks,115 - 113
177,4,2024-11-16T00:10:00Z,Gainbridge Fieldhouse,Indiana Pacers,Miami Heat,111 - 124
178,4,2024-11-16T00:10:00Z,Kia Center,Orlando Magic,Philadelphia 76ers,98 - 86
179,4,2024-11-16T00:10:00Z,Scotiabank Arena,Toronto Raptors,Detroit Pistons,95 - 99
180,4,2024-11-16T00:40:00Z,State Farm Arena,Atlanta Hawks,Washington Wizards,129 - 117
181,4,2024-11-16T00:40:00Z,Rocket Mortgage FieldHouse,Cleveland Cavaliers,Chicago Bulls,144 - 126
182,4,2024-11-16T00:40:00Z,Madison Square Garden,New York Knicks,Brooklyn Nets,124 - 122
183,4,2024-11-16T00:40:00Z,Frost Bank Center,San Antonio Spurs,Los Angeles Lakers,115 - 120
184,4,2024-11-16T01:10:00Z,Toyota Center,Houston Rockets,Los Angeles Clippers,125 - 104
185,4,2024-11-16T01:10:00Z,Smoothie King Center,New Orleans Pelicans,Denver Nuggets,101 - 94
186,4,2024-11-16T01:10:00Z,Paycom Center,Oklahoma City Thunder,Phoenix Suns,99 - 83
187,4,2024-11-16T03:10:00Z,Chase Center,Golden State Warriors,Memphis Grizzlies,123 - 118
188,4,2024-11-16T03:10:00Z,Golden 1 Center,Sacramento Kings,Minnesota Timberwolves,126 - 130
189,4,2024-11-16T20:10:00Z,Spectrum Center,Charlotte Hornets,Milwaukee Bucks,115 - 114
190,4,2024-11-17T01:10:00Z,TD Garden,Boston Celtics,Toronto Raptors,126 - 123
191,4,2024-11-17T01:10:00Z,Smoothie King Center,New Orleans Pelicans,Los Angeles Lakers,99 - 104
192,4,2024-11-17T01:40:00Z,American Airlines Center,Dallas Mavericks,San Antonio Spurs,110 - 93
193,4,2024-11-17T03:10:00Z,Golden 1 Center,Sacramento Kings,Utah Jazz,121 - 117
194,4,2024-11-17T20:40:00Z,Target Center,Minnesota Timberwolves,Phoenix Suns,120 - 117
195,4,2024-11-17T22:10:00Z,Gainbridge Fieldhouse,Indiana Pacers,Miami Heat,119 - 110
196,4,2024-11-17T23:10:00Z,Rocket Mortgage FieldHouse,Cleveland Cavaliers,Charlotte Hornets,128 - 114
197,4,2024-11-17T23:10:00Z,Capital One Arena,Washington Wizards,Detroit Pistons,104 - 124
198,4,2024-11-17T23:10:00Z,FedExForum,Memphis Grizzlies,Denver Nuggets,105 - 90
199,4,2024-11-17T23:10:00Z,Moda Center,Portland Trail Blazers,Atlanta Hawks,114 - 110
200,4,2024-11-18T00:10:00Z,Madison Square Garden,New York Knicks,Brooklyn Nets,114 - 104
201,4,2024-11-18T00:10:00Z,United Center,Chicago Bulls,Houston Rockets,107 - 143
202,4,2024-11-18T00:10:00Z,Paycom Center,Oklahoma City Thunder,Dallas Mavericks,119 - 121
203,4,2024-11-18T02:10:00Z,Intuit Dome,Los Angeles Clippers,Utah Jazz,116 - 105
204,4,2024-11-19T00:10:00Z,Little Caesars Arena,Detroit Pistons,Chicago Bulls,112 - 122
205,4,2024-11-19T00:40:00Z,Kaseya Center,Miami Heat,Philadelphia 76ers,106 - 89
206,4,2024-11-19T00:40:00Z,Madison Square Garden,New York Knicks,Washington Wizards,134 - 106
207,4,2024-11-19T00:40:00Z,Scotiabank Arena,Toronto Raptors,Indiana Pacers,130 - 119
208,4,2024-11-19T01:10:00Z,Fiserv Forum,Milwaukee Bucks,Houston Rockets,101 - 100
209,4,2024-11-19T02:10:00Z,Footprint Center,Phoenix Suns,Orlando Magic,99 - 109
210,4,2024-11-19T03:10:00Z,Golden 1 Center,Sacramento Kings,Atlanta Hawks,108 - 109
211,4,2024-11-19T03:40:00Z,Intuit Dome,Los Angeles Clippers,Golden State Warriors,102 - 99
212,4,2024-11-20T00:10:00Z,TD Garden,Boston Celtics,Cleveland Cavaliers,120 - 117
213,4,2024-11-20T00:40:00Z,Barclays Center,Brooklyn Nets,Charlotte Hornets,116 - 115
214,4,2024-11-20T01:10:00Z,FedExForum,Memphis Grizzlies,Denver Nuggets,110 - 122
215,4,2024-11-20T01:40:00Z,American Airlines Center,Dallas Mavericks,New Orleans Pelicans,132 - 91
216,4,2024-11-20T02:40:00Z,Frost Bank Center,San Antonio Spurs,Oklahoma City Thunder,110 - 104
217,4,2024-11-20T03:40:00Z,Crypto.com Arena,Los Angeles Lakers,Utah Jazz,124 - 118
218,5,2024-11-21T00:40:00Z,Rocket Mortgage FieldHouse,Cleveland Cavaliers,New Orleans Pelicans,128 - 100
219,5,2024-11-21T00:40:00Z,Fiserv Forum,Milwaukee Bucks,Chicago Bulls,122 - 106
220,5,2024-11-21T01:10:00Z,Toyota Center,Houston Rockets,Indiana Pacers,130 - 113
221,5,2024-11-21T01:10:00Z,FedExForum,Memphis Grizzlies,Philadelphia 76ers,117 - 111
222,5,2024-11-21T01:10:00Z,Paycom Center,Oklahoma City Thunder,Portland Trail Blazers,109 - 99
223,5,2024-11-21T03:10:00Z,Footprint Center,Phoenix Suns,New York Knicks,122 - 138
224,5,2024-11-21T03:10:00Z,Chase Center,Golden State Warriors,Atlanta Hawks,120 - 97
225,5,2024-11-21T03:40:00Z,Intuit Dome,Los Angeles Clippers,Orlando Magic,104 - 93
226,5,2024-11-22T00:10:00Z,Spectrum Center,Charlotte Hornets,Detroit Pistons,123 - 121
227,5,2024-11-22T00:40:00Z,Scotiabank Arena,Toronto Raptors,Minnesota Timberwolves,110 - 105
228,5,2024-11-22T01:10:00Z,Frost Bank Center,San Antonio Spurs,Utah Jazz,126 - 118
229,5,2024-11-22T03:40:00Z,Crypto.com Arena,Los Angeles Lakers,Orlando Magic,118 - 119
230,5,2024-11-23T00:10:00Z,Wells Fargo Center,Philadelphia 76ers,Brooklyn Nets,
231,5,2024-11-23T00:10:00Z,Capital One Arena,Washington Wizards,Boston Celtics,
235,5,2024-11-23T00:40:00Z,Smoothie King Center,New Orleans Pelicans,Golden State Warriors,
232,5,2024-11-23T01:10:00Z,Fiserv Forum,Milwaukee Bucks,Indiana Pacers,
233,5,2024-11-23T01:10:00Z,United Center,Chicago Bulls,Atlanta Hawks,
234,5,2024-11-23T01:10:00Z,Toyota Center,Houston Rockets,Portland Trail Blazers,
236,5,2024-11-23T03:10:00Z,Ball Arena,Denver Nuggets,Dallas Mavericks,
237,5,2024-11-23T03:40:00Z,Intuit Dome,Los Angeles Clippers,Sacramento Kings,
238,5,2024-11-23T22:10:00Z,Delta Center,Utah Jazz,New York Knicks,
239,5,2024-11-24T00:10:00Z,Kia Center,Orlando Magic,Detroit Pistons,
240,5,2024-11-24T01:10:00Z,United Center,Chicago Bulls,Memphis Grizzlies,
241,5,2024-11-24T01:10:00Z,Toyota Center,Houston Rockets,Portland Trail Blazers,
242,5,2024-11-24T01:10:00Z,Fiserv Forum,Milwaukee Bucks,Charlotte Hornets,
243,5,2024-11-24T01:40:00Z,Frost Bank Center,San Antonio Spurs,Golden State Warriors,
244,5,2024-11-24T03:40:00Z,Crypto.com Arena,Los Angeles Lakers,Denver Nuggets,
245,5,2024-11-24T20:40:00Z,TD Garden,Boston Celtics,Minnesota Timberwolves,
246,5,2024-11-24T22:10:00Z,Gainbridge Fieldhouse,Indiana Pacers,Washington Wizards,
247,5,2024-11-24T23:10:00Z,Kaseya Center,Miami Heat,Dallas Mavericks,
248,5,2024-11-24T23:10:00Z,Wells Fargo Center,Philadelphia 76ers,Los Angeles Clippers,
249,5,2024-11-25T00:40:00Z,Rocket Mortgage FieldHouse,Cleveland Cavaliers,Toronto Raptors,
250,5,2024-11-25T02:10:00Z,Golden 1 Center,Sacramento Kings,Brooklyn Nets,
251,5,2024-11-26T00:10:00Z,Spectrum Center,Charlotte Hornets,Orlando Magic,
252,5,2024-11-26T00:10:00Z,Little Caesars Arena,Detroit Pistons,Toronto Raptors,
253,5,2024-11-26T00:10:00Z,Gainbridge Fieldhouse,Indiana Pacers,New Orleans Pelicans,
254,5,2024-11-26T00:40:00Z,State Farm Arena,Atlanta Hawks,Dallas Mavericks,
255,5,2024-11-26T00:40:00Z,TD Garden,Boston Celtics,Los Angeles Clippers,
256,5,2024-11-26T01:10:00Z,FedExForum,Memphis Grizzlies,Portland Trail Blazers,
257,5,2024-11-26T02:10:00Z,Ball Arena,Denver Nuggets,New York Knicks,
258,5,2024-11-26T03:10:00Z,Chase Center,Golden State Warriors,Brooklyn Nets,
259,5,2024-11-26T03:10:00Z,Golden 1 Center,Sacramento Kings,Oklahoma City Thunder,
260,5,2024-11-27T00:10:00Z,Capital One Arena,Washington Wizards,Chicago Bulls,
261,5,2024-11-27T00:40:00Z,Kaseya Center,Miami Heat,Milwaukee Bucks,
262,5,2024-11-27T01:10:00Z,Target Center,Minnesota Timberwolves,Houston Rockets,
263,5,2024-11-27T02:10:00Z,Delta Center,Utah Jazz,San Antonio Spurs,
264,5,2024-11-27T03:10:00Z,Footprint Center,Phoenix Suns,Los Angeles Lakers,
265,6,2024-11-28T00:10:00Z,Spectrum Center,Charlotte Hornets,Miami Heat,
266,6,2024-11-28T00:10:00Z,Rocket Mortgage FieldHouse,Cleveland Cavaliers,Atlanta Hawks,
267,6,2024-11-28T00:10:00Z,Gainbridge Fieldhouse,Indiana Pacers,Portland Trail Blazers,
268,6,2024-11-28T00:10:00Z,Kia Center,Orlando Magic,Chicago Bulls,
269,6,2024-11-28T00:10:00Z,Wells Fargo Center,Philadelphia 76ers,Houston Rockets,
270,6,2024-11-28T00:10:00Z,Capital One Arena,Washington Wizards,Los Angeles Clippers,
271,6,2024-11-28T00:40:00Z,American Airlines Center,Dallas Mavericks,New York Knicks,
272,6,2024-11-28T01:10:00Z,FedExForum,Memphis Grizzlies,Detroit Pistons,
273,6,2024-11-28T01:10:00Z,Target Center,Minnesota Timberwolves,Sacramento Kings,
274,6,2024-11-28T01:10:00Z,Smoothie King Center,New Orleans Pelicans,Toronto Raptors,
275,6,2024-11-28T01:40:00Z,Frost Bank Center,San Antonio Spurs,Los Angeles Lakers,
276,6,2024-11-28T02:10:00Z,Footprint Center,Phoenix Suns,Brooklyn Nets,
277,6,2024-11-28T02:10:00Z,Delta Center,Utah Jazz,Denver Nuggets,
278,6,2024-11-28T03:10:00Z,Chase Center,Golden State Warriors,Oklahoma City Thunder,
279,6,2024-11-29T17:10:00Z,Spectrum Center,Charlotte Hornets,New York Knicks,
280,6,2024-11-29T19:40:00Z,State Farm Arena,Atlanta Hawks,Cleveland Cavaliers,
281,6,2024-11-29T22:10:00Z,FedExForum,Memphis Grizzlies,New Orleans Pelicans,
282,6,2024-11-30T00:40:00Z,Barclays Center,Brooklyn Nets,Orlando Magic,
283,6,2024-11-30T00:40:00Z,Target Center,Minnesota Timberwolves,Los Angeles Clippers,
284,6,2024-11-30T01:10:00Z,Gainbridge Fieldhouse,Indiana Pacers,Detroit Pistons,
285,6,2024-11-30T01:10:00Z,Kaseya Center,Miami Heat,Toronto Raptors,
286,6,2024-11-30T01:10:00Z,United Center,Chicago Bulls,Boston Celtics,
287,6,2024-11-30T03:10:00Z,Crypto.com Arena,Los Angeles Lakers,Oklahoma City Thunder,
288,6,2024-11-30T03:10:00Z,Moda Center,Portland Trail Blazers,Sacramento Kings,
289,6,2024-11-30T23:10:00Z,Spectrum Center,Charlotte Hornets,Atlanta Hawks,
290,6,2024-12-01T00:10:00Z,Little Caesars Arena,Detroit Pistons,Philadelphia 76ers,
291,6,2024-12-01T01:10:00Z,Fiserv Forum,Milwaukee Bucks,Washington Wizards,
292,6,2024-12-01T02:10:00Z,Footprint Center,Phoenix Suns,Golden State Warriors,
293,6,2024-12-01T02:40:00Z,Delta Center,Utah Jazz,Dallas Mavericks,
294,6,2024-12-01T20:40:00Z,Barclays Center,Brooklyn Nets,Orlando Magic,
295,6,2024-12-01T20:40:00Z,FedExForum,Memphis Grizzlies,Indiana Pacers,
296,6,2024-12-01T23:10:00Z,Rocket Mortgage FieldHouse,Cleveland Cavaliers,Boston Celtics,
297,6,2024-12-01T23:10:00Z,Madison Square Garden,New York Knicks,New Orleans Pelicans,
298,6,2024-12-01T23:10:00Z,Scotiabank Arena,Toronto Raptors,Miami Heat,
299,6,2024-12-02T00:10:00Z,Toyota Center,Houston Rockets,Oklahoma City Thunder,
300,6,2024-12-02T01:10:00Z,Delta Center,Utah Jazz,Los Angeles Lakers,
301,6,2024-12-02T02:10:00Z,Moda Center,Portland Trail Blazers,Dallas Mavericks,
302,6,2024-12-02T02:10:00Z,Golden 1 Center,Sacramento Kings,San Antonio Spurs,
303,6,2024-12-02T03:10:00Z,Intuit Dome,Los Angeles Clippers,Denver Nuggets,
304,6,2024-12-03T00:40:00Z,State Farm Arena,Atlanta Hawks,New Orleans Pelicans,
305,6,2024-12-03T00:40:00Z,TD Garden,Boston Celtics,Miami Heat,
306,6,2024-12-03T01:10:00Z,United Center,Chicago Bulls,Brooklyn Nets,
307,6,2024-12-03T01:10:00Z,Target Center,Minnesota Timberwolves,Los Angeles Lakers,
308,6,2024-12-04T00:10:00Z,Spectrum Center,Charlotte Hornets,Philadelphia 76ers,
309,6,2024-12-04T00:10:00Z,Rocket Mortgage FieldHouse,Cleveland Cavaliers,Washington Wizards,
310,6,2024-12-04T00:10:00Z,Little Caesars Arena,Detroit Pistons,Milwaukee Bucks,
311,6,2024-12-04T00:40:00Z,Madison Square Garden,New York Knicks,Orlando Magic,
312,6,2024-12-04T00:40:00Z,Scotiabank Arena,Toronto Raptors,Indiana Pacers,
314,6,2024-12-04T00:40:00Z,American Airlines Center,Dallas Mavericks,Memphis Grizzlies,
313,6,2024-12-04T01:10:00Z,Paycom Center,Oklahoma City Thunder,Utah Jazz,
315,6,2024-12-04T02:10:00Z,Footprint Center,Phoenix Suns,San Antonio Spurs,
316,6,2024-12-04T03:10:00Z,Ball Arena,Denver Nuggets,Golden State Warriors,
317,6,2024-12-04T03:10:00Z,Golden 1 Center,Sacramento Kings,Houston Rockets,
318,6,2024-12-04T03:40:00Z,Intuit Dome,Los Angeles Clippers,Portland Trail Blazers,
319,7,2024-12-05T00:40:00Z,TD Garden,Boston Celtics,Detroit Pistons,
320,7,2024-12-05T00:40:00Z,Barclays Center,Brooklyn Nets,Indiana Pacers,
321,7,2024-12-05T00:40:00Z,Kaseya Center,Miami Heat,Los Angeles Lakers,
322,7,2024-12-05T00:40:00Z,Wells Fargo Center,Philadelphia 76ers,Orlando Magic,
323,7,2024-12-05T01:10:00Z,Fiserv Forum,Milwaukee Bucks,Atlanta Hawks,
324,7,2024-12-05T03:40:00Z,Intuit Dome,Los Angeles Clippers,Minnesota Timberwolves,
325,7,2024-12-06T00:10:00Z,Rocket Mortgage FieldHouse,Cleveland Cavaliers,Denver Nuggets,
326,7,2024-12-06T00:10:00Z,Capital One Arena,Washington Wizards,Dallas Mavericks,
327,7,2024-12-06T00:40:00Z,Madison Square Garden,New York Knicks,Charlotte Hornets,
328,7,2024-12-06T00:40:00Z,Scotiabank Arena,Toronto Raptors,Oklahoma City Thunder,
329,7,2024-12-06T01:10:00Z,FedExForum,Memphis Grizzlies,Sacramento Kings,
330,7,2024-12-06T01:10:00Z,Smoothie King Center,New Orleans Pelicans,Phoenix Suns,
331,7,2024-12-06T01:10:00Z,Frost Bank Center,San Antonio Spurs,Chicago Bulls,
332,7,2024-12-06T03:10:00Z,Chase Center,Golden State Warriors,Houston Rockets,
333,7,2024-12-07T00:10:00Z,Wells Fargo Center,Philadelphia 76ers,Orlando Magic,
334,7,2024-12-07T00:40:00Z,State Farm Arena,Atlanta Hawks,Los Angeles Lakers,
335,7,2024-12-07T00:40:00Z,TD Garden,Boston Celtics,Milwaukee Bucks,
336,7,2024-12-07T01:10:00Z,United Center,Chicago Bulls,Indiana Pacers,
337,7,2024-12-07T01:10:00Z,Frost Bank Center,San Antonio Spurs,Sacramento Kings,
338,7,2024-12-07T03:10:00Z,Chase Center,Golden State Warriors,Minnesota Timberwolves,
339,7,2024-12-07T03:10:00Z,Moda Center,Portland Trail Blazers,Utah Jazz,
340,7,2024-12-07T18:10:00Z,Spectrum Center,Charlotte Hornets,Cleveland Cavaliers,
341,7,2024-12-08T00:10:00Z,Capital One Arena,Washington Wizards,Denver Nuggets,
342,7,2024-12-08T00:10:00Z,Smoothie King Center,New Orleans Pelicans,Oklahoma City Thunder,
343,7,2024-12-08T00:40:00Z,Madison Square Garden,New York Knicks,Detroit Pistons,
344,7,2024-12-08T00:40:00Z,Scotiabank Arena,Toronto Raptors,Dallas Mavericks,
345,7,2024-12-08T01:10:00Z,TD Garden,Boston Celtics,Memphis Grizzlies,
346,7,2024-12-08T01:10:00Z,Kaseya Center,Miami Heat,Phoenix Suns,
347,7,2024-12-08T18:10:00Z,United Center,Chicago Bulls,Philadelphia 76ers,
348,7,2024-12-08T20:40:00Z,Barclays Center,Brooklyn Nets,Milwaukee Bucks,
349,7,2024-12-08T22:10:00Z,Gainbridge Fieldhouse,Indiana Pacers,Charlotte Hornets,
350,7,2024-12-08T23:10:00Z,State Farm Arena,Atlanta Hawks,Denver Nuggets,
351,7,2024-12-08T23:10:00Z,Kaseya Center,Miami Heat,Cleveland Cavaliers,
352,7,2024-12-08T23:40:00Z,Kia Center,Orlando Magic,Phoenix Suns,
353,7,2024-12-09T00:10:00Z,Capital One Arena,Washington Wizards,Memphis Grizzlies,
354,7,2024-12-09T00:10:00Z,Frost Bank Center,San Antonio Spurs,New Orleans Pelicans,
355,7,2024-12-09T01:40:00Z,Chase Center,Golden State Warriors,Minnesota Timberwolves,
356,7,2024-12-09T02:10:00Z,Intuit Dome,Los Angeles Clippers,Houston Rockets,
357,7,2024-12-09T02:10:00Z,Golden 1 Center,Sacramento Kings,Utah Jazz,
358,7,2024-12-09T02:40:00Z,Crypto.com Arena,Los Angeles Lakers,Portland Trail Blazers,
359,7,2024-12-10T00:40:00Z,Scotiabank Arena,Toronto Raptors,New York Knicks,
360,8,2024-12-20T00:10:00Z,Little Caesars Arena,Detroit Pistons,Utah Jazz,
361,8,2024-12-20T00:10:00Z,Kia Center,Orlando Magic,Oklahoma City Thunder,
362,8,2024-12-20T00:10:00Z,Capital One Arena,Washington Wizards,Charlotte Hornets,
363,8,2024-12-20T00:40:00Z,TD Garden,Boston Celtics,Chicago Bulls,
364,8,2024-12-20T00:40:00Z,Scotiabank Arena,Toronto Raptors,Brooklyn Nets,
365,8,2024-12-20T01:10:00Z,Toyota Center,Houston Rockets,New Orleans Pelicans,
366,8,2024-12-20T01:10:00Z,FedExForum,Memphis Grizzlies,Golden State Warriors,
370,8,2024-12-20T01:10:00Z,Frost Bank Center,San Antonio Spurs,Atlanta Hawks,
368,8,2024-12-20T01:40:00Z,American Airlines Center,Dallas Mavericks,Los Angeles Clippers,
369,8,2024-12-20T02:10:00Z,Footprint Center,Phoenix Suns,Indiana Pacers,
367,8,2024-12-20T02:40:00Z,Target Center,Minnesota Timberwolves,New York Knicks,
371,8,2024-12-20T03:10:00Z,Moda Center,Portland Trail Blazers,Denver Nuggets,
372,8,2024-12-20T03:10:00Z,Golden 1 Center,Sacramento Kings,Los Angeles Lakers,
373,8,2024-12-21T00:10:00Z,Wells Fargo Center,Philadelphia 76ers,Charlotte Hornets,
374,8,2024-12-21T00:40:00Z,Rocket Mortgage FieldHouse,Cleveland Cavaliers,Milwaukee Bucks,
375,8,2024-12-21T01:10:00Z,Kaseya Center,Miami Heat,Oklahoma City Thunder,
376,8,2024-12-21T23:10:00Z,Golden 1 Center,Sacramento Kings,Los Angeles Lakers,
377,8,2024-12-22T00:10:00Z,Kia Center,Orlando Magic,Miami Heat,
378,8,2024-12-22T00:40:00Z,State Farm Arena,Atlanta Hawks,Memphis Grizzlies,
379,8,2024-12-22T00:40:00Z,Barclays Center,Brooklyn Nets,Utah Jazz,
380,8,2024-12-22T01:10:00Z,Rocket Mortgage FieldHouse,Cleveland Cavaliers,Philadelphia 76ers,
381,8,2024-12-22T01:10:00Z,United Center,Chicago Bulls,Boston Celtics,
382,8,2024-12-22T01:10:00Z,Fiserv Forum,Milwaukee Bucks,Washington Wizards,
383,8,2024-12-22T01:10:00Z,Target Center,Minnesota Timberwolves,Golden State Warriors,
384,8,2024-12-22T01:10:00Z,Smoothie King Center,New Orleans Pelicans,New York Knicks,
385,8,2024-12-22T01:40:00Z,American Airlines Center,Dallas Mavericks,Los Angeles Clippers,
386,8,2024-12-22T01:40:00Z,Frost Bank Center,San Antonio Spurs,Portland Trail Blazers,
387,8,2024-12-22T02:10:00Z,Footprint Center,Phoenix Suns,Detroit Pistons,
388,8,2024-12-22T23:10:00Z,Scotiabank Arena,Toronto Raptors,Houston Rockets,
389,8,2024-12-22T23:10:00Z,Golden 1 Center,Sacramento Kings,Indiana Pacers,
390,8,2024-12-23T00:10:00Z,Smoothie King Center,New Orleans Pelicans,Denver Nuggets,
391,8,2024-12-24T00:10:00Z,Spectrum Center,Charlotte Hornets,Houston Rockets,
392,8,2024-12-24T00:10:00Z,Rocket Mortgage FieldHouse,Cleveland Cavaliers,Utah Jazz,
393,8,2024-12-24T00:10:00Z,Kia Center,Orlando Magic,Boston Celtics,
394,8,2024-12-24T00:10:00Z,Wells Fargo Center,Philadelphia 76ers,San Antonio Spurs,
395,8,2024-12-24T00:40:00Z,State Farm Arena,Atlanta Hawks,Minnesota Timberwolves,
396,8,2024-12-24T00:40:00Z,Kaseya Center,Miami Heat,Brooklyn Nets,
397,8,2024-12-24T00:40:00Z,Madison Square Garden,New York Knicks,Toronto Raptors,
398,8,2024-12-24T01:10:00Z,United Center,Chicago Bulls,Milwaukee Bucks,
399,8,2024-12-24T01:10:00Z,FedExForum,Memphis Grizzlies,Los Angeles Clippers,
400,8,2024-12-24T01:10:00Z,Paycom Center,Oklahoma City Thunder,Washington Wizards,
401,8,2024-12-24T01:40:00Z,American Airlines Center,Dallas Mavericks,Portland Trail Blazers,
402,8,2024-12-24T03:10:00Z,Ball Arena,Denver Nuggets,Phoenix Suns,
403,8,2024-12-24T03:10:00Z,Chase Center,Golden State Warriors,Indiana Pacers,
404,8,2024-12-24T03:40:00Z,Crypto.com Arena,Los Angeles Lakers,Detroit Pistons,
405,9,2024-12-25T17:10:00Z,Madison Square Garden,New York Knicks,San Antonio Spurs,
406,9,2024-12-25T19:40:00Z,American Airlines Center,Dallas Mavericks,Minnesota Timberwolves,
407,9,2024-12-25T22:10:00Z,TD Garden,Boston Celtics,Philadelphia 76ers,
408,9,2024-12-26T01:10:00Z,Chase Center,Golden State Warriors,Los Angeles Lakers,
409,9,2024-12-26T03:40:00Z,Footprint Center,Phoenix Suns,Denver Nuggets,
410,9,2024-12-27T00:10:00Z,Gainbridge Fieldhouse,Indiana Pacers,Oklahoma City Thunder,
411,9,2024-12-27T00:10:00Z,Kia Center,Orlando Magic,Miami Heat,
412,9,2024-12-27T00:10:00Z,Capital One Arena,Washington Wizards,Charlotte Hornets,
413,9,2024-12-27T00:40:00Z,State Farm Arena,Atlanta Hawks,Chicago Bulls,
414,9,2024-12-27T01:10:00Z,FedExForum,Memphis Grizzlies,Toronto Raptors,
415,9,2024-12-27T01:10:00Z,Fiserv Forum,Milwaukee Bucks,Brooklyn Nets,
416,9,2024-12-27T01:10:00Z,Smoothie King Center,New Orleans Pelicans,Houston Rockets,
417,9,2024-12-27T03:10:00Z,Moda Center,Portland Trail Blazers,Utah Jazz,
418,9,2024-12-27T03:10:00Z,Golden 1 Center,Sacramento Kings,Detroit Pistons,
419,9,2024-12-28T00:10:00Z,Kia Center,Orlando Magic,New York Knicks,
420,9,2024-12-28T00:40:00Z,TD Garden,Boston Celtics,Indiana Pacers,
421,9,2024-12-28T00:40:00Z,Barclays Center,Brooklyn Nets,San Antonio Spurs,
422,9,2024-12-28T01:10:00Z,Toyota Center,Houston Rockets,Minnesota Timberwolves,
423,9,2024-12-28T01:10:00Z,Smoothie King Center,New Orleans Pelicans,Memphis Grizzlies,
424,9,2024-12-28T02:10:00Z,Ball Arena,Denver Nuggets,Cleveland Cavaliers,
425,9,2024-12-28T02:10:00Z,Footprint Center,Phoenix Suns,Dallas Mavericks,
426,9,2024-12-28T03:10:00Z,Intuit Dome,Los Angeles Clippers,Golden State Warriors,
427,9,2024-12-28T20:10:00Z,State Farm Arena,Atlanta Hawks,Miami Heat,
428,9,2024-12-28T23:10:00Z,Spectrum Center,Charlotte Hornets,Oklahoma City Thunder,
429,9,2024-12-29T00:10:00Z,Capital One Arena,Washington Wizards,New York Knicks,
430,9,2024-12-29T01:10:00Z,United Center,Chicago Bulls,Milwaukee Bucks,
431,9,2024-12-29T01:40:00Z,Chase Center,Golden State Warriors,Phoenix Suns,
432,9,2024-12-29T02:10:00Z,Ball Arena,Denver Nuggets,Detroit Pistons,
433,9,2024-12-29T02:40:00Z,Delta Center,Utah Jazz,Philadelphia 76ers,
434,9,2024-12-29T03:10:00Z,Moda Center,Portland Trail Blazers,Dallas Mavericks,
435,9,2024-12-29T03:40:00Z,Crypto.com Arena,Los Angeles Lakers,Sacramento Kings,
436,9,2024-12-29T20:40:00Z,Kia Center,Orlando Magic,Brooklyn Nets,
437,9,2024-12-29T23:10:00Z,TD Garden,Boston Celtics,Indiana Pacers,
438,9,2024-12-29T23:10:00Z,Scotiabank Arena,Toronto Raptors,Atlanta Hawks,
439,9,2024-12-30T00:10:00Z,Toyota Center,Houston Rockets,Miami Heat,
440,9,2024-12-30T00:10:00Z,Paycom Center,Oklahoma City Thunder,Memphis Grizzlies,
441,9,2024-12-30T01:10:00Z,Target Center,Minnesota Timberwolves,San Antonio Spurs,
442,9,2024-12-31T00:10:00Z,Spectrum Center,Charlotte Hornets,Chicago Bulls,
443,9,2024-12-31T00:10:00Z,Capital One Arena,Washington Wizards,New York Knicks,
444,9,2024-12-31T01:10:00Z,Smoothie King Center,New Orleans Pelicans,Los Angeles Clippers,
445,9,2024-12-31T02:10:00Z,Delta Center,Utah Jazz,Denver Nuggets,
446,9,2024-12-31T03:10:00Z,Chase Center,Golden State Warriors,Cleveland Cavaliers,
447,9,2024-12-31T03:10:00Z,Moda Center,Portland Trail Blazers,Philadelphia 76ers,
448,9,2024-12-31T03:10:00Z,Golden 1 Center,Sacramento Kings,Dallas Mavericks,
449,9,2024-12-31T20:10:00Z,TD Garden,Boston Celtics,Toronto Raptors,
450,9,2024-12-31T20:10:00Z,Gainbridge Fieldhouse,Indiana Pacers,Milwaukee Bucks,
451,9,2025-01-01T00:10:00Z,Frost Bank Center,San Antonio Spurs,Los Angeles Clippers,
452,9,2025-01-01T01:10:00Z,Paycom Center,Oklahoma City Thunder,Minnesota Timberwolves,
453,9,2025-01-01T02:10:00Z,Footprint Center,Phoenix Suns,Memphis Grizzlies,
454,9,2025-01-01T02:10:00Z,Crypto.com Arena,Los Angeles Lakers,Cleveland Cavaliers,
455,10,2025-01-02T00:10:00Z,Little Caesars Arena,Detroit Pistons,Orlando Magic,
456,10,2025-01-02T00:10:00Z,Capital One Arena,Washington Wizards,Chicago Bulls,
457,10,2025-01-02T00:40:00Z,Kaseya Center,Miami Heat,New Orleans Pelicans,
458,10,2025-01-02T00:40:00Z,Madison Square Garden,New York Knicks,Utah Jazz,
459,10,2025-01-02T00:40:00Z,Scotiabank Arena,Toronto Raptors,Brooklyn Nets,
460,10,2025-01-02T01:10:00Z,Toyota Center,Houston Rockets,Dallas Mavericks,
461,10,2025-01-02T02:10:00Z,Ball Arena,Denver Nuggets,Atlanta Hawks,
462,10,2025-01-02T03:10:00Z,Golden 1 Center,Sacramento Kings,Philadelphia 76ers,
463,10,2025-01-03T00:40:00Z,Kaseya Center,Miami Heat,Indiana Pacers,
464,10,2025-01-03T00:40:00Z,Target Center,Minnesota Timberwolves,Boston Celtics,
465,10,2025-01-03T01:10:00Z,Fiserv Forum,Milwaukee Bucks,Brooklyn Nets,
466,10,2025-01-03T01:10:00Z,Paycom Center,Oklahoma City Thunder,Los Angeles Clippers,
467,10,2025-01-03T03:10:00Z,Chase Center,Golden State Warriors,Philadelphia 76ers,
468,10,2025-01-03T03:40:00Z,Crypto.com Arena,Los Angeles Lakers,Portland Trail Blazers,
469,10,2025-01-04T00:10:00Z,Little Caesars Arena,Detroit Pistons,Charlotte Hornets,
470,10,2025-01-04T00:40:00Z,Scotiabank Arena,Toronto Raptors,Orlando Magic,
471,10,2025-01-04T01:10:00Z,Toyota Center,Houston Rockets,Boston Celtics,
472,10,2025-01-04T01:10:00Z,Smoothie King Center,New Orleans Pelicans,Washington Wizards,
473,10,2025-01-04T01:10:00Z,Paycom Center,Oklahoma City Thunder,New York Knicks,
474,10,2025-01-04T01:40:00Z,American Airlines Center,Dallas Mavericks,Cleveland Cavaliers,
475,10,2025-01-04T02:10:00Z,Ball Arena,Denver Nuggets,San Antonio Spurs,
476,10,2025-01-04T03:10:00Z,Golden 1 Center,Sacramento Kings,Memphis Grizzlies,
477,10,2025-01-04T03:40:00Z,Crypto.com Arena,Los Angeles Lakers,Atlanta Hawks,
478,10,2025-01-04T23:10:00Z,Barclays Center,Brooklyn Nets,Philadelphia 76ers,
479,10,2025-01-05T00:10:00Z,Little Caesars Arena,Detroit Pistons,Minnesota Timberwolves,
480,10,2025-01-05T00:10:00Z,Gainbridge Fieldhouse,Indiana Pacers,Phoenix Suns,
481,10,2025-01-05T01:10:00Z,Kaseya Center,Miami Heat,Utah Jazz,
482,10,2025-01-05T01:10:00Z,United Center,Chicago Bulls,New York Knicks,
483,10,2025-01-05T01:10:00Z,Fiserv Forum,Milwaukee Bucks,Portland Trail Blazers,
484,10,2025-01-05T01:10:00Z,Frost Bank Center,San Antonio Spurs,Denver Nuggets,
485,10,2025-01-05T01:40:00Z,Chase Center,Golden State Warriors,Memphis Grizzlies,
486,10,2025-01-05T03:40:00Z,Intuit Dome,Los Angeles Clippers,Atlanta Hawks,
487,10,2025-01-05T20:40:00Z,Paycom Center,Oklahoma City Thunder,Boston Celtics,
488,10,2025-01-05T23:10:00Z,Rocket Mortgage FieldHouse,Cleveland Cavaliers,Charlotte Hornets,
489,10,2025-01-05T23:10:00Z,Capital One Arena,Washington Wizards,New Orleans Pelicans,
490,10,2025-01-05T23:40:00Z,Kia Center,Orlando Magic,Utah Jazz,
491,10,2025-01-06T00:10:00Z,Toyota Center,Houston Rockets,Los Angeles Lakers,
492,10,2025-01-06T01:40:00Z,Chase Center,Golden State Warriors,Sacramento Kings,
493,10,2025-01-07T00:10:00Z,Little Caesars Arena,Detroit Pistons,Portland Trail Blazers,
494,10,2025-01-07T00:10:00Z,Wells Fargo Center,Philadelphia 76ers,Phoenix Suns,
495,10,2025-01-07T00:40:00Z,Barclays Center,Brooklyn Nets,Indiana Pacers,
496,10,2025-01-07T00:40:00Z,Madison Square Garden,New York Knicks,Orlando Magic,
497,10,2025-01-07T00:40:00Z,Scotiabank Arena,Toronto Raptors,Milwaukee Bucks,
498,10,2025-01-07T01:10:00Z,United Center,Chicago Bulls,San Antonio Spurs,
499,10,2025-01-07T01:10:00Z,FedExForum,Memphis Grizzlies,Dallas Mavericks,
500,10,2025-01-07T01:10:00Z,Target Center,Minnesota Timberwolves,Los Angeles Clippers,
501,10,2025-01-07T03:10:00Z,Golden 1 Center,Sacramento Kings,Miami Heat,
502,10,2025-01-08T00:10:00Z,Spectrum Center,Charlotte Hornets,Phoenix Suns,
503,10,2025-01-08T00:10:00Z,Capital One Arena,Washington Wizards,Houston Rockets,
504,10,2025-01-08T00:40:00Z,American Airlines Center,Dallas Mavericks,Los Angeles Lakers,
505,10,2025-01-08T01:10:00Z,Smoothie King Center,New Orleans Pelicans,Minnesota Timberwolves,
506,10,2025-01-08T02:10:00Z,Delta Center,Utah Jazz,Atlanta Hawks,
507,10,2025-01-08T03:10:00Z,Ball Arena,Denver Nuggets,Boston Celtics,
508,10,2025-01-08T03:10:00Z,Chase Center,Golden State Warriors,Miami Heat,
509,11,2025-01-09T00:10:00Z,Rocket Mortgage FieldHouse,Cleveland Cavaliers,Oklahoma City Thunder,
510,11,2025-01-09T00:10:00Z,Gainbridge Fieldhouse,Indiana Pacers,Chicago Bulls,
511,11,2025-01-09T00:10:00Z,Madison Square Garden,New York Knicks,Toronto Raptors,
512,11,2025-01-09T00:10:00Z,Wells Fargo Center,Philadelphia 76ers,Washington Wizards,
513,11,2025-01-09T00:40:00Z,Barclays Center,Brooklyn Nets,Detroit Pistons,
514,11,2025-01-09T01:10:00Z,Smoothie King Center,New Orleans Pelicans,Portland Trail Blazers,
515,11,2025-01-09T02:10:00Z,Ball Arena,Denver Nuggets,Los Angeles Clippers,
516,11,2025-01-09T02:40:00Z,Fiserv Forum,Milwaukee Bucks,San Antonio Spurs,
517,11,2025-01-10T00:10:00Z,Rocket Mortgage FieldHouse,Cleveland Cavaliers,Toronto Raptors,
518,11,2025-01-10T00:10:00Z,Little Caesars Arena,Detroit Pistons,Golden State Warriors,
519,11,2025-01-10T00:10:00Z,Kia Center,Orlando Magic,Minnesota Timberwolves,
520,11,2025-01-10T01:10:00Z,FedExForum,Memphis Grizzlies,Houston Rockets,
521,11,2025-01-10T01:40:00Z,American Airlines Center,Dallas Mavericks,Portland Trail Blazers,
522,11,2025-01-10T02:10:00Z,Footprint Center,Phoenix Suns,Atlanta Hawks,
523,11,2025-01-10T02:10:00Z,Delta Center,Utah Jazz,Miami Heat,
524,11,2025-01-10T03:40:00Z,Crypto.com Arena,Los Angeles Lakers,Charlotte Hornets,
525,11,2025-01-11T00:10:00Z,Gainbridge Fieldhouse,Indiana Pacers,Golden State Warriors,
526,11,2025-01-11T00:10:00Z,Kia Center,Orlando Magic,Milwaukee Bucks,
527,11,2025-01-11T00:10:00Z,Wells Fargo Center,Philadelphia 76ers,New Orleans Pelicans,
528,11,2025-01-11T00:40:00Z,TD Garden,Boston Celtics,Sacramento Kings,
529,11,2025-01-11T00:40:00Z,Madison Square Garden,New York Knicks,Oklahoma City Thunder,
530,11,2025-01-11T01:10:00Z,United Center,Chicago Bulls,Washington Wizards,
531,11,2025-01-11T02:10:00Z,Ball Arena,Denver Nuggets,Brooklyn Nets,
532,11,2025-01-11T20:10:00Z,State Farm Arena,Atlanta Hawks,Houston Rockets,
533,11,2025-01-11T22:10:00Z,Footprint Center,Phoenix Suns,Utah Jazz,
534,11,2025-01-12T00:10:00Z,Little Caesars Arena,Detroit Pistons,Toronto Raptors,
535,11,2025-01-12T01:10:00Z,Target Center,Minnesota Timberwolves,Memphis Grizzlies,
536,11,2025-01-12T03:10:00Z,Moda Center,Portland Trail Blazers,Miami Heat,
537,11,2025-01-12T03:40:00Z,Crypto.com Arena,Los Angeles Lakers,San Antonio Spurs,
538,11,2025-01-12T03:40:00Z,Intuit Dome,Los Angeles Clippers,Charlotte Hornets,
539,11,2025-01-12T20:10:00Z,Madison Square Garden,New York Knicks,Milwaukee Bucks,
540,11,2025-01-12T20:10:00Z,American Airlines Center,Dallas Mavericks,Denver Nuggets,
541,11,2025-01-12T20:40:00Z,United Center,Chicago Bulls,Sacramento Kings,
542,11,2025-01-12T23:10:00Z,TD Garden,Boston Celtics,New Orleans Pelicans,
543,11,2025-01-12T23:10:00Z,Rocket Mortgage FieldHouse,Cleveland Cavaliers,Indiana Pacers,
544,11,2025-01-12T23:10:00Z,Kia Center,Orlando Magic,Philadelphia 76ers,
545,11,2025-01-12T23:10:00Z,Capital One Arena,Washington Wizards,Oklahoma City Thunder,
546,11,2025-01-13T01:10:00Z,Delta Center,Utah Jazz,Brooklyn Nets,
547,11,2025-01-13T02:10:00Z,Footprint Center,Phoenix Suns,Charlotte Hornets,
548,11,2025-01-14T00:10:00Z,Capital One Arena,Washington Wizards,Minnesota Timberwolves,
549,11,2025-01-14T00:40:00Z,Madison Square Garden,New York Knicks,Detroit Pistons,
550,11,2025-01-14T00:40:00Z,Scotiabank Arena,Toronto Raptors,Golden State Warriors,
551,11,2025-01-14T01:10:00Z,Toyota Center,Houston Rockets,Memphis Grizzlies,
552,11,2025-01-14T03:40:00Z,Crypto.com Arena,Los Angeles Lakers,San Antonio Spurs,
553,11,2025-01-14T03:40:00Z,Intuit Dome,Los Angeles Clippers,Miami Heat,
554,11,2025-01-15T00:10:00Z,Gainbridge Fieldhouse,Indiana Pacers,Cleveland Cavaliers,
555,11,2025-01-15T00:10:00Z,Wells Fargo Center,Philadelphia 76ers,Oklahoma City Thunder,
556,11,2025-01-15T00:40:00Z,State Farm Arena,Atlanta Hawks,Phoenix Suns,
557,11,2025-01-15T01:10:00Z,United Center,Chicago Bulls,New Orleans Pelicans,
558,11,2025-01-15T01:10:00Z,Fiserv Forum,Milwaukee Bucks,Sacramento Kings,
559,11,2025-01-15T02:40:00Z,American Airlines Center,Dallas Mavericks,Denver Nuggets,
560,11,2025-01-15T03:10:00Z,Moda Center,Portland Trail Blazers,Brooklyn Nets,
561,12,2025-01-16T00:40:00Z,Wells Fargo Center,Philadelphia 76ers,New York Knicks,
562,12,2025-01-16T00:40:00Z,Scotiabank Arena,Toronto Raptors,Boston Celtics,
563,12,2025-01-16T01:10:00Z,United Center,Chicago Bulls,Atlanta Hawks,
564,12,2025-01-16T01:10:00Z,Fiserv Forum,Milwaukee Bucks,Orlando Magic,
565,12,2025-01-16T01:10:00Z,Target Center,Minnesota Timberwolves,Golden State Warriors,
566,12,2025-01-16T01:10:00Z,Smoothie King Center,New Orleans Pelicans,Dallas Mavericks,
567,12,2025-01-16T01:10:00Z,Frost Bank Center,San Antonio Spurs,Memphis Grizzlies,
568,12,2025-01-16T02:10:00Z,Ball Arena,Denver Nuggets,Houston Rockets,
569,12,2025-01-16T02:10:00Z,Delta Center,Utah Jazz,Charlotte Hornets,
570,12,2025-01-16T03:10:00Z,Crypto.com Arena,Los Angeles Lakers,Miami Heat,
571,12,2025-01-16T03:40:00Z,Intuit Dome,Los Angeles Clippers,Brooklyn Nets,
572,12,2025-01-17T00:10:00Z,Little Caesars Arena,Detroit Pistons,Indiana Pacers,
573,12,2025-01-17T00:40:00Z,Capital One Arena,Washington Wizards,Phoenix Suns,
574,12,2025-01-17T01:10:00Z,Paycom Center,Oklahoma City Thunder,Cleveland Cavaliers,
575,12,2025-01-17T03:10:00Z,Moda Center,Portland Trail Blazers,Los Angeles Clippers,
576,12,2025-01-17T03:10:00Z,Golden 1 Center,Sacramento Kings,Houston Rockets,
577,12,2025-01-18T00:10:00Z,TD Garden,Boston Celtics,Orlando Magic,
578,12,2025-01-18T00:40:00Z,Madison Square Garden,New York Knicks,Minnesota Timberwolves,
579,12,2025-01-18T01:10:00Z,Kaseya Center,Miami Heat,Denver Nuggets,
580,12,2025-01-18T01:10:00Z,Fiserv Forum,Milwaukee Bucks,Toronto Raptors,
581,12,2025-01-18T01:10:00Z,Smoothie King Center,New Orleans Pelicans,Utah Jazz,
582,12,2025-01-18T01:10:00Z,Frost Bank Center,San Antonio Spurs,Memphis Grizzlies,
583,12,2025-01-18T01:40:00Z,American Airlines Center,Dallas Mavericks,Oklahoma City Thunder,
584,12,2025-01-18T02:40:00Z,United Center,Chicago Bulls,Charlotte Hornets,
585,12,2025-01-18T03:40:00Z,Crypto.com Arena,Los Angeles Lakers,Brooklyn Nets,
586,12,2025-01-18T22:10:00Z,Little Caesars Arena,Detroit Pistons,Phoenix Suns,
587,12,2025-01-19T00:10:00Z,TD Garden,Boston Celtics,Atlanta Hawks,
588,12,2025-01-19T00:10:00Z,Gainbridge Fieldhouse,Indiana Pacers,Philadelphia 76ers,
589,12,2025-01-19T01:40:00Z,Chase Center,Golden State Warriors,Washington Wizards,
590,12,2025-01-19T02:10:00Z,Target Center,Minnesota Timberwolves,Cleveland Cavaliers,
591,12,2025-01-19T03:10:00Z,Moda Center,Portland Trail Blazers,Houston Rockets,
592,12,2025-01-19T20:10:00Z,Kaseya Center,Miami Heat,San Antonio Spurs,
593,12,2025-01-19T23:10:00Z,Kia Center,Orlando Magic,Denver Nuggets,
594,12,2025-01-20T00:10:00Z,Fiserv Forum,Milwaukee Bucks,Philadelphia 76ers,
595,12,2025-01-20T00:10:00Z,Paycom Center,Oklahoma City Thunder,Brooklyn Nets,
596,12,2025-01-20T02:10:00Z,Intuit Dome,Los Angeles Clippers,Los Angeles Lakers,
597,12,2025-01-20T02:10:00Z,Moda Center,Portland Trail Blazers,Chicago Bulls,
598,12,2025-01-20T02:10:00Z,Golden 1 Center,Sacramento Kings,Washington Wizards,
599,12,2025-01-20T17:10:00Z,Spectrum Center,Charlotte Hornets,Dallas Mavericks,
600,12,2025-01-20T19:10:00Z,Toyota Center,Houston Rockets,Detroit Pistons,
601,12,2025-01-20T19:40:00Z,FedExForum,Memphis Grizzlies,Minnesota Timberwolves,
602,12,2025-01-20T20:10:00Z,Madison Square Garden,New York Knicks,Atlanta Hawks,
603,12,2025-01-20T20:40:00Z,Rocket Mortgage FieldHouse,Cleveland Cavaliers,Phoenix Suns,
604,12,2025-01-20T22:10:00Z,Chase Center,Golden State Warriors,Boston Celtics,
605,12,2025-01-21T01:10:00Z,Smoothie King Center,New Orleans Pelicans,Utah Jazz,
606,12,2025-01-22T00:40:00Z,Barclays Center,Brooklyn Nets,New York Knicks,
607,12,2025-01-22T00:40:00Z,Kaseya Center,Miami Heat,Portland Trail Blazers,
608,12,2025-01-22T00:40:00Z,Scotiabank Arena,Toronto Raptors,Orlando Magic,
609,12,2025-01-22T03:10:00Z,Ball Arena,Denver Nuggets,Philadelphia 76ers,
610,12,2025-01-22T03:40:00Z,Crypto.com Arena,Los Angeles Lakers,Washington Wizards,
611,12,2025-01-22T03:40:00Z,Intuit Dome,Los Angeles Clippers,Chicago Bulls,
612,13,2025-01-23T00:40:00Z,State Farm Arena,Atlanta Hawks,Detroit Pistons,
613,13,2025-01-23T00:40:00Z,Barclays Center,Brooklyn Nets,Phoenix Suns,
614,13,2025-01-23T00:40:00Z,American Airlines Center,Dallas Mavericks,Minnesota Timberwolves,
615,13,2025-01-23T01:10:00Z,Toyota Center,Houston Rockets,Cleveland Cavaliers,
616,13,2025-01-23T01:10:00Z,FedExForum,Memphis Grizzlies,Charlotte Hornets,
617,13,2025-01-23T01:10:00Z,Smoothie King Center,New Orleans Pelicans,Milwaukee Bucks,
618,13,2025-01-23T01:10:00Z,Paycom Center,Oklahoma City Thunder,Utah Jazz,
619,13,2025-01-23T03:10:00Z,Golden 1 Center,Sacramento Kings,Golden State Warriors,
620,13,2025-01-23T03:40:00Z,Intuit Dome,Los Angeles Clippers,Boston Celtics,
621,13,2025-01-23T19:10:00Z,Accor Arena,Indiana Pacers,San Antonio Spurs,
622,13,2025-01-24T00:10:00Z,Kia Center,Orlando Magic,Portland Trail Blazers,
623,13,2025-01-24T00:40:00Z,State Farm Arena,Atlanta Hawks,Toronto Raptors,
624,13,2025-01-24T00:40:00Z,Fiserv Forum,Milwaukee Bucks,Miami Heat,
625,13,2025-01-24T01:10:00Z,Paycom Center,Oklahoma City Thunder,Dallas Mavericks,
626,13,2025-01-24T02:10:00Z,Ball Arena,Denver Nuggets,Sacramento Kings,
627,13,2025-01-24T02:10:00Z,Delta Center,Utah Jazz,Washington Wizards,
628,13,2025-01-24T03:10:00Z,Chase Center,Golden State Warriors,Chicago Bulls,
629,13,2025-01-24T03:10:00Z,Crypto.com Arena,Los Angeles Lakers,Boston Celtics,
630,13,2025-01-25T00:10:00Z,Spectrum Center,Charlotte Hornets,Portland Trail Blazers,
631,13,2025-01-25T00:10:00Z,Wells Fargo Center,Philadelphia 76ers,Cleveland Cavaliers,
632,13,2025-01-25T01:10:00Z,FedExForum,Memphis Grizzlies,New Orleans Pelicans,
633,13,2025-01-25T17:10:00Z,Accor Arena,San Antonio Spurs,Indiana Pacers,
634,13,2025-01-25T20:10:00Z,Target Center,Minnesota Timberwolves,Denver Nuggets,
635,13,2025-01-25T22:40:00Z,American Airlines Center,Dallas Mavericks,Boston Celtics,
636,13,2025-01-25T23:10:00Z,Barclays Center,Brooklyn Nets,Miami Heat,
637,13,2025-01-26T00:10:00Z,Spectrum Center,Charlotte Hornets,New Orleans Pelicans,
638,13,2025-01-26T00:10:00Z,Kia Center,Orlando Magic,Detroit Pistons,
639,13,2025-01-26T00:40:00Z,State Farm Arena,Atlanta Hawks,Toronto Raptors,
640,13,2025-01-26T00:40:00Z,Rocket Mortgage FieldHouse,Cleveland Cavaliers,Houston Rockets,
641,13,2025-01-26T00:40:00Z,Madison Square Garden,New York Knicks,Sacramento Kings,
642,13,2025-01-26T01:10:00Z,United Center,Chicago Bulls,Philadelphia 76ers,
643,13,2025-01-26T01:10:00Z,FedExForum,Memphis Grizzlies,Utah Jazz,
644,13,2025-01-26T01:40:00Z,Chase Center,Golden State Warriors,Los Angeles Lakers,
645,13,2025-01-26T02:10:00Z,Footprint Center,Phoenix Suns,Washington Wizards,
646,13,2025-01-26T03:40:00Z,Intuit Dome,Los Angeles Clippers,Milwaukee Bucks,
647,13,2025-01-26T23:10:00Z,Moda Center,Portland Trail Blazers,Oklahoma City Thunder,
648,13,2025-01-28T00:10:00Z,Spectrum Center,Charlotte Hornets,Los Angeles Lakers,
649,13,2025-01-28T00:10:00Z,Rocket Mortgage FieldHouse,Cleveland Cavaliers,Detroit Pistons,
650,13,2025-01-28T00:40:00Z,TD Garden,Boston Celtics,Houston Rockets,
651,13,2025-01-28T00:40:00Z,Barclays Center,Brooklyn Nets,Sacramento Kings,
652,13,2025-01-28T00:40:00Z,Kaseya Center,Miami Heat,Orlando Magic,
653,13,2025-01-28T00:40:00Z,Madison Square Garden,New York Knicks,Memphis Grizzlies,
654,13,2025-01-28T00:40:00Z,Scotiabank Arena,Toronto Raptors,New Orleans Pelicans,
655,13,2025-01-28T01:10:00Z,United Center,Chicago Bulls,Denver Nuggets,
656,13,2025-01-28T01:10:00Z,Target Center,Minnesota Timberwolves,Atlanta Hawks,
657,13,2025-01-28T01:40:00Z,American Airlines Center,Dallas Mavericks,Washington Wizards,
658,13,2025-01-28T02:10:00Z,Delta Center,Utah Jazz,Milwaukee Bucks,
659,13,2025-01-28T02:40:00Z,Footprint Center,Phoenix Suns,Los Angeles Clippers,
660,13,2025-01-29T00:40:00Z,Wells Fargo Center,Philadelphia 76ers,Los Angeles Lakers,
661,13,2025-01-29T03:10:00Z,Chase Center,Golden State Warriors,Utah Jazz,
662,13,2025-01-29T03:10:00Z,Moda Center,Portland Trail Blazers,Milwaukee Bucks,
663,14,2025-01-30T00:10:00Z,Spectrum Center,Charlotte Hornets,Brooklyn Nets,
664,14,2025-01-30T00:10:00Z,Gainbridge Fieldhouse,Indiana Pacers,Detroit Pistons,
665,14,2025-01-30T00:10:00Z,Capital One Arena,Washington Wizards,Toronto Raptors,
666,14,2025-01-30T00:40:00Z,TD Garden,Boston Celtics,Chicago Bulls,
667,14,2025-01-30T00:40:00Z,Kaseya Center,Miami Heat,Cleveland Cavaliers,
668,14,2025-01-30T00:40:00Z,Madison Square Garden,New York Knicks,Denver Nuggets,
669,14,2025-01-30T00:40:00Z,Wells Fargo Center,Philadelphia 76ers,Sacramento Kings,
670,14,2025-01-30T01:10:00Z,Smoothie King Center,New Orleans Pelicans,Dallas Mavericks,
671,14,2025-01-30T01:10:00Z,Frost Bank Center,San Antonio Spurs,Los Angeles Clippers,
672,14,2025-01-30T02:10:00Z,Footprint Center,Phoenix Suns,Minnesota Timberwolves,
673,14,2025-01-30T03:10:00Z,Chase Center,Golden State Warriors,Oklahoma City Thunder,
674,14,2025-01-31T00:10:00Z,Capital One Arena,Washington Wizards,Los Angeles Lakers,
675,14,2025-01-31T00:40:00Z,Rocket Mortgage FieldHouse,Cleveland Cavaliers,Atlanta Hawks,
676,14,2025-01-31T00:40:00Z,FedExForum,Memphis Grizzlies,Houston Rockets,
677,14,2025-01-31T03:10:00Z,Delta Center,Utah Jazz,Minnesota Timberwolves,
678,14,2025-01-31T03:10:00Z,Moda Center,Portland Trail Blazers,Orlando Magic,
679,14,2025-02-01T00:10:00Z,Spectrum Center,Charlotte Hornets,Los Angeles Clippers,
680,14,2025-02-01T00:10:00Z,Little Caesars Arena,Detroit Pistons,Dallas Mavericks,
681,14,2025-02-01T00:40:00Z,Wells Fargo Center,Philadelphia 76ers,Denver Nuggets,
682,14,2025-02-01T00:40:00Z,Scotiabank Arena,Toronto Raptors,Chicago Bulls,
683,14,2025-02-01T01:10:00Z,Smoothie King Center,New Orleans Pelicans,Boston Celtics,
684,14,2025-02-01T01:10:00Z,Frost Bank Center,San Antonio Spurs,Milwaukee Bucks,
685,14,2025-02-01T03:10:00Z,Chase Center,Golden State Warriors,Phoenix Suns,
686,14,2025-02-01T22:10:00Z,Gainbridge Fieldhouse,Indiana Pacers,Atlanta Hawks,
687,14,2025-02-01T22:10:00Z,Delta Center,Utah Jazz,Orlando Magic,
688,14,2025-02-02T00:10:00Z,Spectrum Center,Charlotte Hornets,Denver Nuggets,
689,14,2025-02-02T01:10:00Z,Toyota Center,Houston Rockets,Brooklyn Nets,
690,14,2025-02-02T01:10:00Z,Target Center,Minnesota Timberwolves,Washington Wizards,
691,14,2025-02-02T01:10:00Z,Paycom Center,Oklahoma City Thunder,Sacramento Kings,
692,14,2025-02-02T01:40:00Z,Madison Square Garden,New York Knicks,Los Angeles Lakers,
693,14,2025-02-02T01:40:00Z,Frost Bank Center,San Antonio Spurs,Miami Heat,
694,14,2025-02-02T03:10:00Z,Moda Center,Portland Trail Blazers,Phoenix Suns,
695,14,2025-02-02T20:10:00Z,Little Caesars Arena,Detroit Pistons,Chicago Bulls,
696,14,2025-02-02T20:40:00Z,Rocket Mortgage FieldHouse,Cleveland Cavaliers,Dallas Mavericks,
697,14,2025-02-02T20:40:00Z,Scotiabank Arena,Toronto Raptors,Los Angeles Clippers,
698,14,2025-02-02T23:10:00Z,Wells Fargo Center,Philadelphia 76ers,Boston Celtics,
699,14,2025-02-03T01:40:00Z,Fiserv Forum,Milwaukee Bucks,Memphis Grizzlies,
700,14,2025-02-04T00:10:00Z,Spectrum Center,Charlotte Hornets,Washington Wizards,
701,14,2025-02-04T00:10:00Z,Little Caesars Arena,Detroit Pistons,Atlanta Hawks,
702,14,2025-02-04T00:40:00Z,Madison Square Garden,New York Knicks,Houston Rockets,
703,14,2025-02-04T01:10:00Z,FedExForum,Memphis Grizzlies,San Antonio Spurs,
704,14,2025-02-04T01:10:00Z,Target Center,Minnesota Timberwolves,Sacramento Kings,
705,14,2025-02-04T01:10:00Z,Paycom Center,Oklahoma City Thunder,Milwaukee Bucks,
706,14,2025-02-04T02:10:00Z,Ball Arena,Denver Nuggets,New Orleans Pelicans,
707,14,2025-02-04T02:10:00Z,Delta Center,Utah Jazz,Indiana Pacers,
708,14,2025-02-04T03:10:00Z,Chase Center,Golden State Warriors,Orlando Magic,
709,14,2025-02-04T03:10:00Z,Moda Center,Portland Trail Blazers,Phoenix Suns,
710,14,2025-02-05T00:10:00Z,Rocket Mortgage FieldHouse,Cleveland Cavaliers,Boston Celtics,
711,14,2025-02-05T00:40:00Z,Barclays Center,Brooklyn Nets,Houston Rockets,
712,14,2025-02-05T00:40:00Z,Wells Fargo Center,Philadelphia 76ers,Dallas Mavericks,
713,14,2025-02-05T00:40:00Z,Scotiabank Arena,Toronto Raptors,New York Knicks,
714,14,2025-02-05T01:10:00Z,United Center,Chicago Bulls,Miami Heat,
715,14,2025-02-05T03:10:00Z,Intuit Dome,Los Angeles Clippers,Los Angeles Lakers,
716,14,2025-02-05T03:10:00Z,Moda Center,Portland Trail Blazers,Indiana Pacers,
717,15,2025-02-06T00:10:00Z,Spectrum Center,Charlotte Hornets,Milwaukee Bucks,
718,15,2025-02-06T00:10:00Z,Little Caesars Arena,Detroit Pistons,Cleveland Cavaliers,
719,15,2025-02-06T00:40:00Z,State Farm Arena,Atlanta Hawks,San Antonio Spurs,
720,15,2025-02-06T00:40:00Z,Barclays Center,Brooklyn Nets,Washington Wizards,
721,15,2025-02-06T00:40:00Z,Wells Fargo Center,Philadelphia 76ers,Miami Heat,
722,15,2025-02-06T00:40:00Z,Scotiabank Arena,Toronto Raptors,Memphis Grizzlies,
723,15,2025-02-06T01:10:00Z,Target Center,Minnesota Timberwolves,Chicago Bulls,
724,15,2025-02-06T01:10:00Z,Paycom Center,Oklahoma City Thunder,Phoenix Suns,
725,15,2025-02-06T02:10:00Z,Delta Center,Utah Jazz,Golden State Warriors,
726,15,2025-02-06T03:10:00Z,Ball Arena,Denver Nuggets,New Orleans Pelicans,
727,15,2025-02-06T03:10:00Z,Golden 1 Center,Sacramento Kings,Orlando Magic,
728,15,2025-02-07T00:40:00Z,TD Garden,Boston Celtics,Dallas Mavericks,
729,15,2025-02-07T01:10:00Z,Target Center,Minnesota Timberwolves,Houston Rockets,
730,15,2025-02-07T02:10:00Z,Ball Arena,Denver Nuggets,Orlando Magic,
731,15,2025-02-07T03:10:00Z,Crypto.com Arena,Los Angeles Lakers,Golden State Warriors,
732,15,2025-02-07T03:10:00Z,Moda Center,Portland Trail Blazers,Sacramento Kings,
733,15,2025-02-07T03:40:00Z,Intuit Dome,Los Angeles Clippers,Indiana Pacers,
734,15,2025-02-08T00:10:00Z,Spectrum Center,Charlotte Hornets,San Antonio Spurs,
735,15,2025-02-08T00:10:00Z,Capital One Arena,Washington Wizards,Cleveland Cavaliers,
736,15,2025-02-08T00:40:00Z,State Farm Arena,Atlanta Hawks,Milwaukee Bucks,
737,15,2025-02-08T00:40:00Z,Barclays Center,Brooklyn Nets,Miami Heat,
738,15,2025-02-08T00:40:00Z,Little Caesars Arena,Detroit Pistons,Philadelphia 76ers,
739,15,2025-02-08T01:10:00Z,Paycom Center,Oklahoma City Thunder,Toronto Raptors,
740,15,2025-02-08T03:10:00Z,Footprint Center,Phoenix Suns,Utah Jazz,
741,15,2025-02-08T20:10:00Z,American Airlines Center,Dallas Mavericks,Houston Rockets,
742,15,2025-02-08T21:10:00Z,Crypto.com Arena,Los Angeles Lakers,Indiana Pacers,
743,15,2025-02-09T00:10:00Z,Kia Center,Orlando Magic,San Antonio Spurs,
744,15,2025-02-09T00:10:00Z,Capital One Arena,Washington Wizards,Atlanta Hawks,
745,15,2025-02-09T01:10:00Z,United Center,Chicago Bulls,Golden State Warriors,
746,15,2025-02-09T01:10:00Z,FedExForum,Memphis Grizzlies,Oklahoma City Thunder,
747,15,2025-02-09T01:10:00Z,Target Center,Minnesota Timberwolves,Portland Trail Blazers,
748,15,2025-02-09T01:40:00Z,Madison Square Garden,New York Knicks,Boston Celtics,
749,15,2025-02-09T02:10:00Z,Footprint Center,Phoenix Suns,Denver Nuggets,
750,15,2025-02-09T03:10:00Z,Golden 1 Center,Sacramento Kings,New Orleans Pelicans,
751,15,2025-02-09T03:40:00Z,Intuit Dome,Los Angeles Clippers,Utah Jazz,
752,15,2025-02-09T18:10:00Z,Little Caesars Arena,Detroit Pistons,Charlotte Hornets,
753,15,2025-02-09T19:10:00Z,Toyota Center,Houston Rockets,Toronto Raptors,
754,15,2025-02-09T19:10:00Z,Fiserv Forum,Milwaukee Bucks,Philadelphia 76ers,
755,15,2025-02-11T00:10:00Z,Rocket Mortgage FieldHouse,Cleveland Cavaliers,Minnesota Timberwolves,
756,15,2025-02-11T00:10:00Z,Kia Center,Orlando Magic,Atlanta Hawks,
757,15,2025-02-11T00:10:00Z,Capital One Arena,Washington Wizards,San Antonio Spurs,
758,15,2025-02-11T00:40:00Z,Barclays Center,Brooklyn Nets,Charlotte Hornets,
759,15,2025-02-11T00:40:00Z,Kaseya Center,Miami Heat,Boston Celtics,
760,15,2025-02-11T01:10:00Z,Fiserv Forum,Milwaukee Bucks,Golden State Warriors,
761,15,2025-02-11T01:10:00Z,Paycom Center,Oklahoma City Thunder,New Orleans Pelicans,
762,15,2025-02-11T01:40:00Z,American Airlines Center,Dallas Mavericks,Sacramento Kings,
763,15,2025-02-11T02:10:00Z,Ball Arena,Denver Nuggets,Portland Trail Blazers,
764,15,2025-02-12T00:10:00Z,Wells Fargo Center,Philadelphia 76ers,Toronto Raptors,
765,15,2025-02-12T00:40:00Z,Gainbridge Fieldhouse,Indiana Pacers,New York Knicks,
766,15,2025-02-12T01:10:00Z,United Center,Chicago Bulls,Detroit Pistons,
767,15,2025-02-12T03:10:00Z,Footprint Center,Phoenix Suns,Memphis Grizzlies,
768,15,2025-02-12T03:40:00Z,Crypto.com Arena,Los Angeles Lakers,Utah Jazz,
769,15,2025-02-13T00:10:00Z,TD Garden,Boston Celtics,San Antonio Spurs,
770,15,2025-02-13T00:10:00Z,Kia Center,Orlando Magic,Charlotte Hornets,
771,15,2025-02-13T00:10:00Z,Capital One Arena,Washington Wizards,Indiana Pacers,
772,15,2025-02-13T00:40:00Z,Barclays Center,Brooklyn Nets,Philadelphia 76ers,
773,15,2025-02-13T00:40:00Z,Madison Square Garden,New York Knicks,Atlanta Hawks,
774,15,2025-02-13T00:40:00Z,Scotiabank Arena,Toronto Raptors,Cleveland Cavaliers,
775,15,2025-02-13T01:10:00Z,United Center,Chicago Bulls,Detroit Pistons,
776,15,2025-02-13T01:10:00Z,Target Center,Minnesota Timberwolves,Milwaukee Bucks,
777,15,2025-02-13T01:10:00Z,Smoothie King Center,New Orleans Pelicans,Sacramento Kings,
778,15,2025-02-13T01:10:00Z,Paycom Center,Oklahoma City Thunder,Miami Heat,
779,15,2025-02-13T01:40:00Z,Toyota Center,Houston Rockets,Phoenix Suns,
780,15,2025-02-13T02:10:00Z,Ball Arena,Denver Nuggets,Portland Trail Blazers,
781,15,2025-02-13T02:10:00Z,Delta Center,Utah Jazz,Los Angeles Lakers,
782,15,2025-02-13T02:40:00Z,American Airlines Center,Dallas Mavericks,Golden State Warriors,
783,15,2025-02-13T03:40:00Z,Intuit Dome,Los Angeles Clippers,Memphis Grizzlies,
784,16,2025-02-14T01:10:00Z,Toyota Center,Houston Rockets,Golden State Warriors,
785,16,2025-02-14T01:10:00Z,Smoothie King Center,New Orleans Pelicans,Sacramento Kings,
786,16,2025-02-14T01:40:00Z,American Airlines Center,Dallas Mavericks,Miami Heat,
787,16,2025-02-14T01:40:00Z,Target Center,Minnesota Timberwolves,Oklahoma City Thunder,
788,16,2025-02-21T00:10:00Z,Gainbridge Fieldhouse,Indiana Pacers,Memphis Grizzlies,
789,16,2025-02-21T00:10:00Z,Wells Fargo Center,Philadelphia 76ers,Boston Celtics,
790,16,2025-02-21T00:40:00Z,State Farm Arena,Atlanta Hawks,Orlando Magic,
791,16,2025-02-21T00:40:00Z,Barclays Center,Brooklyn Nets,Cleveland Cavaliers,
792,16,2025-02-21T00:40:00Z,Madison Square Garden,New York Knicks,Chicago Bulls,
793,16,2025-02-21T01:10:00Z,Fiserv Forum,Milwaukee Bucks,Los Angeles Clippers,
794,16,2025-02-21T02:10:00Z,Ball Arena,Denver Nuggets,Charlotte Hornets,
795,16,2025-02-21T02:40:00Z,Moody Center,San Antonio Spurs,Phoenix Suns,
796,16,2025-02-21T03:10:00Z,Moda Center,Portland Trail Blazers,Los Angeles Lakers,
797,16,2025-02-22T00:10:00Z,Rocket Mortgage FieldHouse,Cleveland Cavaliers,New York Knicks,
798,16,2025-02-22T00:10:00Z,Kia Center,Orlando Magic,Memphis Grizzlies,
799,16,2025-02-22T00:10:00Z,Capital One Arena,Washington Wizards,Milwaukee Bucks,
800,16,2025-02-22T00:40:00Z,Scotiabank Arena,Toronto Raptors,Miami Heat,
801,16,2025-02-22T01:10:00Z,Toyota Center,Houston Rockets,Minnesota Timberwolves,
802,16,2025-02-22T01:40:00Z,Moody Center,San Antonio Spurs,Detroit Pistons,
803,16,2025-02-22T02:40:00Z,American Airlines Center,Dallas Mavericks,New Orleans Pelicans,
804,16,2025-02-22T02:40:00Z,Delta Center,Utah Jazz,Oklahoma City Thunder,
805,16,2025-02-22T03:10:00Z,Golden 1 Center,Sacramento Kings,Golden State Warriors,
806,16,2025-02-22T22:10:00Z,United Center,Chicago Bulls,Phoenix Suns,
807,16,2025-02-23T00:40:00Z,Wells Fargo Center,Philadelphia 76ers,Brooklyn Nets,
808,16,2025-02-23T01:40:00Z,Ball Arena,Denver Nuggets,Los Angeles Lakers,
809,16,2025-02-23T02:40:00Z,Delta Center,Utah Jazz,Houston Rockets,
810,16,2025-02-23T03:10:00Z,Moda Center,Portland Trail Blazers,Charlotte Hornets,
811,16,2025-02-23T18:10:00Z,TD Garden,Boston Celtics,New York Knicks,
812,16,2025-02-23T20:40:00Z,Chase Center,Golden State Warriors,Dallas Mavericks,
813,16,2025-02-23T22:10:00Z,Gainbridge Fieldhouse,Indiana Pacers,Los Angeles Clippers,
814,16,2025-02-23T23:10:00Z,State Farm Arena,Atlanta Hawks,Detroit Pistons,
815,16,2025-02-23T23:10:00Z,Kia Center,Orlando Magic,Washington Wizards,
816,16,2025-02-23T23:10:00Z,Scotiabank Arena,Toronto Raptors,Phoenix Suns,
817,16,2025-02-24T00:10:00Z,Fiserv Forum,Milwaukee Bucks,Miami Heat,
818,16,2025-02-24T00:10:00Z,Smoothie King Center,New Orleans Pelicans,San Antonio Spurs,
819,16,2025-02-24T00:40:00Z,Rocket Mortgage FieldHouse,Cleveland Cavaliers,Memphis Grizzlies,
820,16,2025-02-24T02:40:00Z,Target Center,Minnesota Timberwolves,Oklahoma City Thunder,
821,16,2025-02-25T00:10:00Z,Little Caesars Arena,Detroit Pistons,Los Angeles Clippers,
822,16,2025-02-25T00:10:00Z,Gainbridge Fieldhouse,Indiana Pacers,Denver Nuggets,
823,16,2025-02-25T00:10:00Z,Wells Fargo Center,Philadelphia 76ers,Chicago Bulls,
824,16,2025-02-25T00:10:00Z,Capital One Arena,Washington Wizards,Brooklyn Nets,
825,16,2025-02-25T00:40:00Z,State Farm Arena,Atlanta Hawks,Miami Heat,
826,16,2025-02-25T01:10:00Z,Paycom Center,Oklahoma City Thunder,Minnesota Timberwolves,
827,16,2025-02-25T02:10:00Z,Delta Center,Utah Jazz,Portland Trail Blazers,
828,16,2025-02-25T03:10:00Z,Golden 1 Center,Sacramento Kings,Charlotte Hornets,
829,16,2025-02-26T00:10:00Z,Scotiabank Arena,Toronto Raptors,Boston Celtics,
830,16,2025-02-26T00:40:00Z,Kia Center,Orlando Magic,Cleveland Cavaliers,
831,16,2025-02-26T01:10:00Z,Toyota Center,Houston Rockets,Milwaukee Bucks,
832,16,2025-02-26T01:10:00Z,FedExForum,Memphis Grizzlies,Phoenix Suns,
833,16,2025-02-26T01:10:00Z,Smoothie King Center,New Orleans Pelicans,San Antonio Spurs,
834,16,2025-02-26T03:10:00Z,Chase Center,Golden State Warriors,Charlotte Hornets,
835,16,2025-02-26T03:10:00Z,Crypto.com Arena,Los Angeles Lakers,Dallas Mavericks,
836,17,2025-02-27T00:10:00Z,Little Caesars Arena,Detroit Pistons,Boston Celtics,
837,17,2025-02-27T00:10:00Z,Gainbridge Fieldhouse,Indiana Pacers,Toronto Raptors,
838,17,2025-02-27T00:10:00Z,Madison Square Garden,New York Knicks,Philadelphia 76ers,
839,17,2025-02-27T00:10:00Z,Capital One Arena,Washington Wizards,Portland Trail Blazers,
840,17,2025-02-27T00:40:00Z,Barclays Center,Brooklyn Nets,Oklahoma City Thunder,
841,17,2025-02-27T00:40:00Z,Kaseya Center,Miami Heat,Atlanta Hawks,
842,17,2025-02-27T01:10:00Z,United Center,Chicago Bulls,Los Angeles Clippers,
843,17,2025-02-27T02:10:00Z,Delta Center,Utah Jazz,Sacramento Kings,
844,17,2025-02-27T02:40:00Z,Toyota Center,Houston Rockets,San Antonio Spurs,
845,17,2025-02-28T00:10:00Z,Kia Center,Orlando Magic,Golden State Warriors,
846,17,2025-02-28T00:40:00Z,Fiserv Forum,Milwaukee Bucks,Denver Nuggets,
847,17,2025-02-28T01:40:00Z,American Airlines Center,Dallas Mavericks,Charlotte Hornets,
848,17,2025-02-28T03:10:00Z,Footprint Center,Phoenix Suns,New Orleans Pelicans,
849,17,2025-02-28T03:40:00Z,Crypto.com Arena,Los Angeles Lakers,Minnesota Timberwolves,
850,17,2025-03-01T00:10:00Z,Little Caesars Arena,Detroit Pistons,Denver Nuggets,
851,17,2025-03-01T00:40:00Z,State Farm Arena,Atlanta Hawks,Oklahoma City Thunder,
852,17,2025-03-01T00:40:00Z,TD Garden,Boston Celtics,Cleveland Cavaliers,
853,17,2025-03-01T00:40:00Z,Barclays Center,Brooklyn Nets,Portland Trail Blazers,
854,17,2025-03-01T01:10:00Z,Kaseya Center,Miami Heat,Indiana Pacers,
855,17,2025-03-01T01:10:00Z,United Center,Chicago Bulls,Toronto Raptors,
856,17,2025-03-01T01:10:00Z,FedExForum,Memphis Grizzlies,New York Knicks,
857,17,2025-03-01T02:10:00Z,Footprint Center,Phoenix Suns,New Orleans Pelicans,
858,17,2025-03-01T02:40:00Z,Delta Center,Utah Jazz,Minnesota Timberwolves,
859,17,2025-03-01T03:10:00Z,Crypto.com Arena,Los Angeles Lakers,Los Angeles Clippers,
860,17,2025-03-01T23:10:00Z,Spectrum Center,Charlotte Hornets,Washington Wizards,
861,17,2025-03-02T00:10:00Z,Little Caesars Arena,Detroit Pistons,Brooklyn Nets,
862,17,2025-03-02T01:10:00Z,Toyota Center,Houston Rockets,Sacramento Kings,
863,17,2025-03-02T01:10:00Z,FedExForum,Memphis Grizzlies,San Antonio Spurs,
864,17,2025-03-02T01:40:00Z,Wells Fargo Center,Philadelphia 76ers,Golden State Warriors,
865,17,2025-03-02T01:40:00Z,American Airlines Center,Dallas Mavericks,Milwaukee Bucks,
866,17,2025-03-02T18:10:00Z,TD Garden,Boston Celtics,Denver Nuggets,
867,17,2025-03-02T20:40:00Z,Rocket Mortgage FieldHouse,Cleveland Cavaliers,Portland Trail Blazers,
868,17,2025-03-02T22:10:00Z,Gainbridge Fieldhouse,Indiana Pacers,Chicago Bulls,
869,17,2025-03-02T23:10:00Z,Kaseya Center,Miami Heat,New York Knicks,
870,17,2025-03-02T23:10:00Z,Kia Center,Orlando Magic,Toronto Raptors,
871,17,2025-03-03T00:10:00Z,Frost Bank Center,San Antonio Spurs,Oklahoma City Thunder,
872,17,2025-03-03T01:10:00Z,Delta Center,Utah Jazz,New Orleans Pelicans,
873,17,2025-03-03T02:40:00Z,Footprint Center,Phoenix Suns,Minnesota Timberwolves,
874,17,2025-03-03T02:40:00Z,Crypto.com Arena,Los Angeles Lakers,Los Angeles Clippers,
875,17,2025-03-04T00:10:00Z,Spectrum Center,Charlotte Hornets,Golden State Warriors,
876,17,2025-03-04T00:10:00Z,Wells Fargo Center,Philadelphia 76ers,Portland Trail Blazers,
877,17,2025-03-04T00:40:00Z,Kaseya Center,Miami Heat,Washington Wizards,
878,17,2025-03-04T01:10:00Z,FedExForum,Memphis Grizzlies,Atlanta Hawks,
879,17,2025-03-04T01:10:00Z,Paycom Center,Oklahoma City Thunder,Houston Rockets,
880,17,2025-03-04T01:40:00Z,American Airlines Center,Dallas Mavericks,Sacramento Kings,
881,17,2025-03-04T02:40:00Z,Delta Center,Utah Jazz,Detroit Pistons,
882,17,2025-03-05T00:10:00Z,Gainbridge Fieldhouse,Indiana Pacers,Houston Rockets,
883,17,2025-03-05T00:10:00Z,Kia Center,Orlando Magic,Toronto Raptors,
884,17,2025-03-05T00:40:00Z,State Farm Arena,Atlanta Hawks,Milwaukee Bucks,
885,17,2025-03-05T00:40:00Z,Madison Square Garden,New York Knicks,Golden State Warriors,
886,17,2025-03-05T01:10:00Z,United Center,Chicago Bulls,Cleveland Cavaliers,
887,17,2025-03-05T01:10:00Z,Target Center,Minnesota Timberwolves,Philadelphia 76ers,
888,17,2025-03-05T01:40:00Z,Frost Bank Center,San Antonio Spurs,Brooklyn Nets,
889,17,2025-03-05T03:10:00Z,Footprint Center,Phoenix Suns,Los Angeles Clippers,
890,17,2025-03-05T03:40:00Z,Crypto.com Arena,Los Angeles Lakers,New Orleans Pelicans,
891,18,2025-03-06T00:10:00Z,TD Garden,Boston Celtics,Portland Trail Blazers,
892,18,2025-03-06T00:10:00Z,Spectrum Center,Charlotte Hornets,Minnesota Timberwolves,
893,18,2025-03-06T00:10:00Z,Rocket Mortgage FieldHouse,Cleveland Cavaliers,Miami Heat,
894,18,2025-03-06T00:10:00Z,Capital One Arena,Washington Wizards,Utah Jazz,
895,18,2025-03-06T01:10:00Z,FedExForum,Memphis Grizzlies,Oklahoma City Thunder,
896,18,2025-03-06T02:10:00Z,Ball Arena,Denver Nuggets,Sacramento Kings,
897,18,2025-03-06T02:40:00Z,Fiserv Forum,Milwaukee Bucks,Dallas Mavericks,
898,18,2025-03-06T03:40:00Z,Intuit Dome,Los Angeles Clippers,Detroit Pistons,
899,18,2025-03-07T00:40:00Z,State Farm Arena,Atlanta Hawks,Indiana Pacers,
900,18,2025-03-07T00:40:00Z,TD Garden,Boston Celtics,Philadelphia 76ers,
901,18,2025-03-07T00:40:00Z,Barclays Center,Brooklyn Nets,Golden State Warriors,
902,18,2025-03-07T01:10:00Z,Smoothie King Center,New Orleans Pelicans,Houston Rockets,
903,18,2025-03-07T03:10:00Z,Crypto.com Arena,Los Angeles Lakers,New York Knicks,
904,18,2025-03-08T00:10:00Z,Spectrum Center,Charlotte Hornets,Cleveland Cavaliers,
905,18,2025-03-08T00:40:00Z,Scotiabank Arena,Toronto Raptors,Utah Jazz,
906,18,2025-03-08T00:40:00Z,American Airlines Center,Dallas Mavericks,Memphis Grizzlies,
907,18,2025-03-08T01:10:00Z,Kaseya Center,Miami Heat,Minnesota Timberwolves,
908,18,2025-03-08T01:10:00Z,Paycom Center,Oklahoma City Thunder,Portland Trail Blazers,
909,18,2025-03-08T03:10:00Z,Ball Arena,Denver Nuggets,Phoenix Suns,
910,18,2025-03-08T03:10:00Z,Golden 1 Center,Sacramento Kings,San Antonio Spurs,
911,18,2025-03-08T03:40:00Z,Intuit Dome,Los Angeles Clippers,New York Knicks,
912,18,2025-03-08T23:10:00Z,Spectrum Center,Charlotte Hornets,Brooklyn Nets,
913,18,2025-03-09T00:10:00Z,Toyota Center,Houston Rockets,New Orleans Pelicans,
914,18,2025-03-09T00:40:00Z,State Farm Arena,Atlanta Hawks,Indiana Pacers,
915,18,2025-03-09T00:40:00Z,Scotiabank Arena,Toronto Raptors,Washington Wizards,
916,18,2025-03-09T01:10:00Z,Kaseya Center,Miami Heat,Chicago Bulls,
917,18,2025-03-09T01:10:00Z,Fiserv Forum,Milwaukee Bucks,Orlando Magic,
918,18,2025-03-09T01:40:00Z,TD Garden,Boston Celtics,Los Angeles Lakers,
919,18,2025-03-09T01:40:00Z,Chase Center,Golden State Warriors,Detroit Pistons,
920,18,2025-03-09T17:10:00Z,Paycom Center,Oklahoma City Thunder,Denver Nuggets,
921,18,2025-03-09T19:40:00Z,American Airlines Center,Dallas Mavericks,Phoenix Suns,
923,18,2025-03-09T23:10:00Z,Smoothie King Center,New Orleans Pelicans,Memphis Grizzlies,
924,18,2025-03-09T23:40:00Z,Wells Fargo Center,Philadelphia 76ers,Utah Jazz,
922,18,2025-03-10T00:10:00Z,Fiserv Forum,Milwaukee Bucks,Cleveland Cavaliers,
925,18,2025-03-10T00:10:00Z,Target Center,Minnesota Timberwolves,San Antonio Spurs,
926,18,2025-03-10T01:10:00Z,Moda Center,Portland Trail Blazers,Detroit Pistons,
927,18,2025-03-10T01:40:00Z,Intuit Dome,Los Angeles Clippers,Sacramento Kings,
928,18,2025-03-10T23:40:00Z,State Farm Arena,Atlanta Hawks,Philadelphia 76ers,
929,18,2025-03-10T23:40:00Z,TD Garden,Boston Celtics,Utah Jazz,
930,18,2025-03-10T23:40:00Z,Barclays Center,Brooklyn Nets,Los Angeles Lakers,
931,18,2025-03-10T23:40:00Z,Kaseya Center,Miami Heat,Charlotte Hornets,
932,18,2025-03-10T23:40:00Z,Scotiabank Arena,Toronto Raptors,Washington Wizards,
933,18,2025-03-11T00:10:00Z,United Center,Chicago Bulls,Indiana Pacers,
934,18,2025-03-11T00:10:00Z,Toyota Center,Houston Rockets,Orlando Magic,
935,18,2025-03-11T00:10:00Z,FedExForum,Memphis Grizzlies,Phoenix Suns,
936,18,2025-03-11T00:10:00Z,Paycom Center,Oklahoma City Thunder,Denver Nuggets,
937,18,2025-03-11T00:40:00Z,Frost Bank Center,San Antonio Spurs,Dallas Mavericks,
938,18,2025-03-11T02:10:00Z,Chase Center,Golden State Warriors,Portland Trail Blazers,
939,18,2025-03-11T02:40:00Z,Golden 1 Center,Sacramento Kings,New York Knicks,
940,18,2025-03-11T23:10:00Z,Rocket Mortgage FieldHouse,Cleveland Cavaliers,Brooklyn Nets,
941,18,2025-03-11T23:10:00Z,Little Caesars Arena,Detroit Pistons,Washington Wizards,
942,18,2025-03-11T23:10:00Z,Gainbridge Fieldhouse,Indiana Pacers,Milwaukee Bucks,
943,18,2025-03-12T01:40:00Z,Smoothie King Center,New Orleans Pelicans,Los Angeles Clippers,
944,19,2025-03-12T23:10:00Z,Kia Center,Orlando Magic,Chicago Bulls,
945,19,2025-03-12T23:40:00Z,State Farm Arena,Atlanta Hawks,Charlotte Hornets,
946,19,2025-03-12T23:40:00Z,TD Garden,Boston Celtics,Oklahoma City Thunder,
947,19,2025-03-12T23:40:00Z,Scotiabank Arena,Toronto Raptors,Philadelphia 76ers,
948,19,2025-03-13T00:10:00Z,Kaseya Center,Miami Heat,Los Angeles Clippers,
949,19,2025-03-13T00:10:00Z,Toyota Center,Houston Rockets,Phoenix Suns,
950,19,2025-03-13T00:10:00Z,FedExForum,Memphis Grizzlies,Utah Jazz,
951,19,2025-03-13T00:10:00Z,Frost Bank Center,San Antonio Spurs,Dallas Mavericks,
952,19,2025-03-13T02:10:00Z,Ball Arena,Denver Nuggets,Minnesota Timberwolves,
953,19,2025-03-13T02:10:00Z,Moda Center,Portland Trail Blazers,New York Knicks,
954,19,2025-03-13T23:10:00Z,Little Caesars Arena,Detroit Pistons,Washington Wizards,
955,19,2025-03-13T23:40:00Z,Fiserv Forum,Milwaukee Bucks,Los Angeles Lakers,
956,19,2025-03-14T00:10:00Z,United Center,Chicago Bulls,Brooklyn Nets,
957,19,2025-03-14T02:10:00Z,Chase Center,Golden State Warriors,Sacramento Kings,
958,19,2025-03-14T23:10:00Z,Kaseya Center,Miami Heat,Boston Celtics,
959,19,2025-03-14T23:10:00Z,Wells Fargo Center,Philadelphia 76ers,Indiana Pacers,
960,19,2025-03-14T23:40:00Z,State Farm Arena,Atlanta Hawks,Los Angeles Clippers,
961,19,2025-03-15T00:10:00Z,Toyota Center,Houston Rockets,Dallas Mavericks,
962,19,2025-03-15T00:10:00Z,FedExForum,Memphis Grizzlies,Cleveland Cavaliers,
963,19,2025-03-15T00:10:00Z,Target Center,Minnesota Timberwolves,Orlando Magic,
964,19,2025-03-15T00:10:00Z,Frost Bank Center,San Antonio Spurs,Charlotte Hornets,
965,19,2025-03-15T01:40:00Z,Ball Arena,Denver Nuggets,Los Angeles Lakers,
966,19,2025-03-15T01:40:00Z,Delta Center,Utah Jazz,Toronto Raptors,
967,19,2025-03-15T02:10:00Z,Footprint Center,Phoenix Suns,Sacramento Kings,
968,19,2025-03-15T22:10:00Z,Barclays Center,Brooklyn Nets,Boston Celtics,
969,19,2025-03-15T23:10:00Z,Little Caesars Arena,Detroit Pistons,Oklahoma City Thunder,
970,19,2025-03-16T00:10:00Z,Toyota Center,Houston Rockets,Chicago Bulls,
971,19,2025-03-16T00:10:00Z,FedExForum,Memphis Grizzlies,Miami Heat,
972,19,2025-03-16T00:10:00Z,Fiserv Forum,Milwaukee Bucks,Indiana Pacers,
973,19,2025-03-16T00:40:00Z,Frost Bank Center,San Antonio Spurs,New Orleans Pelicans,
974,19,2025-03-16T00:40:00Z,Chase Center,Golden State Warriors,New York Knicks,
975,19,2025-03-16T01:10:00Z,Ball Arena,Denver Nuggets,Washington Wizards,
976,19,2025-03-16T17:10:00Z,American Airlines Center,Dallas Mavericks,Philadelphia 76ers,
977,19,2025-03-16T19:40:00Z,Crypto.com Arena,Los Angeles Lakers,Phoenix Suns,
978,19,2025-03-16T22:10:00Z,Barclays Center,Brooklyn Nets,Atlanta Hawks,
979,19,2025-03-16T22:10:00Z,Rocket Mortgage FieldHouse,Cleveland Cavaliers,Orlando Magic,
980,19,2025-03-16T22:10:00Z,Moda Center,Portland Trail Blazers,Toronto Raptors,
981,19,2025-03-16T23:10:00Z,Target Center,Minnesota Timberwolves,Utah Jazz,
982,19,2025-03-17T01:10:00Z,Fiserv Forum,Milwaukee Bucks,Oklahoma City Thunder,
983,19,2025-03-17T02:10:00Z,Intuit Dome,Los Angeles Clippers,Washington Wizards,
984,19,2025-03-17T23:40:00Z,Madison Square Garden,New York Knicks,Miami Heat,
985,19,2025-03-18T00:10:00Z,Toyota Center,Houston Rockets,Philadelphia 76ers,
986,19,2025-03-18T00:10:00Z,Target Center,Minnesota Timberwolves,Indiana Pacers,
987,19,2025-03-18T00:10:00Z,Smoothie King Center,New Orleans Pelicans,Detroit Pistons,
988,19,2025-03-18T00:10:00Z,Frost Bank Center,San Antonio Spurs,Orlando Magic,
989,19,2025-03-18T01:10:00Z,Delta Center,Utah Jazz,Chicago Bulls,
990,19,2025-03-18T02:10:00Z,Chase Center,Golden State Warriors,Denver Nuggets,
991,19,2025-03-18T02:10:00Z,Footprint Center,Phoenix Suns,Toronto Raptors,
992,19,2025-03-18T02:10:00Z,Golden 1 Center,Sacramento Kings,Memphis Grizzlies,
993,19,2025-03-18T23:10:00Z,Spectrum Center,Charlotte Hornets,Atlanta Hawks,
994,19,2025-03-18T23:40:00Z,TD Garden,Boston Celtics,Brooklyn Nets,
995,19,2025-03-19T02:10:00Z,Moda Center,Portland Trail Blazers,Washington Wizards,
996,19,2025-03-19T02:40:00Z,Crypto.com Arena,Los Angeles Lakers,Milwaukee Bucks,
997,19,2025-03-19T02:40:00Z,Intuit Dome,Los Angeles Clippers,Cleveland Cavaliers,
998,20,2025-03-19T23:10:00Z,Gainbridge Fieldhouse,Indiana Pacers,Dallas Mavericks,
999,20,2025-03-19T23:10:00Z,Kia Center,Orlando Magic,Houston Rockets,
1000,20,2025-03-19T23:40:00Z,Kaseya Center,Miami Heat,Detroit Pistons,
1001,20,2025-03-19T23:40:00Z,Target Center,Minnesota Timberwolves,New Orleans Pelicans,
1002,20,2025-03-20T00:10:00Z,Paycom Center,Oklahoma City Thunder,Philadelphia 76ers,
1003,20,2025-03-20T00:10:00Z,Frost Bank Center,San Antonio Spurs,New York Knicks,
1004,20,2025-03-20T01:10:00Z,Delta Center,Utah Jazz,Los Angeles Clippers,
1005,20,2025-03-20T02:10:00Z,Chase Center,Golden State Warriors,Toronto Raptors,
1006,20,2025-03-20T02:10:00Z,Crypto.com Arena,Los Angeles Lakers,Denver Nuggets,
1007,20,2025-03-20T02:10:00Z,Footprint Center,Phoenix Suns,Chicago Bulls,
1008,20,2025-03-20T02:10:00Z,Moda Center,Portland Trail Blazers,Memphis Grizzlies,
1009,20,2025-03-20T02:10:00Z,Golden 1 Center,Sacramento Kings,Cleveland Cavaliers,
1010,20,2025-03-20T23:10:00Z,Spectrum Center,Charlotte Hornets,New York Knicks,
1011,20,2025-03-20T23:10:00Z,Gainbridge Fieldhouse,Indiana Pacers,Brooklyn Nets,
1012,20,2025-03-21T02:10:00Z,Chase Center,Golden State Warriors,Milwaukee Bucks,
1013,20,2025-03-21T02:10:00Z,Golden 1 Center,Sacramento Kings,Chicago Bulls,
1014,20,2025-03-21T23:10:00Z,Capital One Arena,Washington Wizards,Orlando Magic,
1015,20,2025-03-22T00:10:00Z,Kaseya Center,Miami Heat,Houston Rockets,
1016,20,2025-03-22T00:10:00Z,Target Center,Minnesota Timberwolves,New Orleans Pelicans,
1017,20,2025-03-22T00:10:00Z,Paycom Center,Oklahoma City Thunder,Charlotte Hornets,
1018,20,2025-03-22T00:10:00Z,Frost Bank Center,San Antonio Spurs,Philadelphia 76ers,
1019,20,2025-03-22T00:40:00Z,American Airlines Center,Dallas Mavericks,Detroit Pistons,
1020,20,2025-03-22T01:40:00Z,Delta Center,Utah Jazz,Boston Celtics,
1021,20,2025-03-22T02:10:00Z,Footprint Center,Phoenix Suns,Cleveland Cavaliers,
1022,20,2025-03-22T02:10:00Z,Moda Center,Portland Trail Blazers,Denver Nuggets,
1023,20,2025-03-22T02:40:00Z,Intuit Dome,Los Angeles Clippers,Memphis Grizzlies,
1024,20,2025-03-22T21:10:00Z,Gainbridge Fieldhouse,Indiana Pacers,Brooklyn Nets,
1025,20,2025-03-22T23:10:00Z,State Farm Arena,Atlanta Hawks,Golden State Warriors,
1026,20,2025-03-23T00:10:00Z,Madison Square Garden,New York Knicks,Washington Wizards,
1027,20,2025-03-23T02:10:00Z,Golden 1 Center,Sacramento Kings,Milwaukee Bucks,
1028,20,2025-03-23T02:40:00Z,Crypto.com Arena,Los Angeles Lakers,Chicago Bulls,
1029,20,2025-03-23T19:10:00Z,Little Caesars Arena,Detroit Pistons,New Orleans Pelicans,
1030,20,2025-03-23T19:40:00Z,Delta Center,Utah Jazz,Cleveland Cavaliers,
1031,20,2025-03-23T22:10:00Z,State Farm Arena,Atlanta Hawks,Philadelphia 76ers,
1032,20,2025-03-23T22:10:00Z,Kaseya Center,Miami Heat,Charlotte Hornets,
1033,20,2025-03-23T22:10:00Z,Scotiabank Arena,Toronto Raptors,San Antonio Spurs,
1034,20,2025-03-23T22:10:00Z,Moda Center,Portland Trail Blazers,Boston Celtics,
1035,20,2025-03-23T23:10:00Z,Toyota Center,Houston Rockets,Denver Nuggets,
1036,20,2025-03-24T01:10:00Z,Intuit Dome,Los Angeles Clippers,Oklahoma City Thunder,
1037,20,2025-03-24T23:10:00Z,Gainbridge Fieldhouse,Indiana Pacers,Minnesota Timberwolves,
1038,20,2025-03-24T23:10:00Z,Kia Center,Orlando Magic,Los Angeles Lakers,
1039,20,2025-03-24T23:10:00Z,Capital One Arena,Washington Wizards,Toronto Raptors,
1040,20,2025-03-24T23:40:00Z,Barclays Center,Brooklyn Nets,Dallas Mavericks,
1041,20,2025-03-25T00:10:00Z,Smoothie King Center,New Orleans Pelicans,Philadelphia 76ers,
1042,20,2025-03-25T01:10:00Z,Ball Arena,Denver Nuggets,Chicago Bulls,
1043,20,2025-03-25T02:10:00Z,Footprint Center,Phoenix Suns,Milwaukee Bucks,
1044,20,2025-03-25T02:10:00Z,Golden 1 Center,Sacramento Kings,Boston Celtics,
1045,20,2025-03-25T23:10:00Z,Spectrum Center,Charlotte Hornets,Orlando Magic,
1046,20,2025-03-25T23:10:00Z,Little Caesars Arena,Detroit Pistons,San Antonio Spurs,
1047,20,2025-03-25T23:40:00Z,Kaseya Center,Miami Heat,Golden State Warriors,
1048,20,2025-03-25T23:40:00Z,Madison Square Garden,New York Knicks,Dallas Mavericks,
1049,20,2025-03-26T00:10:00Z,Toyota Center,Houston Rockets,Atlanta Hawks,
1050,20,2025-03-26T01:10:00Z,Delta Center,Utah Jazz,Memphis Grizzlies,
1051,20,2025-03-26T02:10:00Z,Moda Center,Portland Trail Blazers,Cleveland Cavaliers,
1052,20,2025-03-26T02:10:00Z,Golden 1 Center,Sacramento Kings,Oklahoma City Thunder,
1053,21,2025-03-26T23:10:00Z,Wells Fargo Center,Philadelphia 76ers,Washington Wizards,
1054,21,2025-03-26T23:40:00Z,Barclays Center,Brooklyn Nets,Toronto Raptors,
1055,21,2025-03-26T23:40:00Z,Gainbridge Fieldhouse,Indiana Pacers,Los Angeles Lakers,
1056,21,2025-03-26T23:40:00Z,Madison Square Garden,New York Knicks,Los Angeles Clippers,
1057,21,2025-03-27T01:10:00Z,Ball Arena,Denver Nuggets,Milwaukee Bucks,
1058,21,2025-03-27T02:10:00Z,Footprint Center,Phoenix Suns,Boston Celtics,
1059,21,2025-03-27T23:10:00Z,Rocket Mortgage FieldHouse,Cleveland Cavaliers,San Antonio Spurs,
1060,21,2025-03-27T23:10:00Z,Kia Center,Orlando Magic,Dallas Mavericks,
1061,21,2025-03-27T23:10:00Z,Capital One Arena,Washington Wizards,Indiana Pacers,
1062,21,2025-03-27T23:40:00Z,Kaseya Center,Miami Heat,Atlanta Hawks,
1063,21,2025-03-28T00:10:00Z,United Center,Chicago Bulls,Los Angeles Lakers,
1064,21,2025-03-28T00:10:00Z,Paycom Center,Oklahoma City Thunder,Memphis Grizzlies,
1065,21,2025-03-28T01:10:00Z,Delta Center,Utah Jazz,Houston Rockets,
1066,21,2025-03-28T02:10:00Z,Golden 1 Center,Sacramento Kings,Portland Trail Blazers,
1067,21,2025-03-28T23:10:00Z,Little Caesars Arena,Detroit Pistons,Cleveland Cavaliers,
1068,21,2025-03-28T23:40:00Z,Barclays Center,Brooklyn Nets,Los Angeles Clippers,
1069,21,2025-03-28T23:40:00Z,Scotiabank Arena,Toronto Raptors,Charlotte Hornets,
1070,21,2025-03-29T00:10:00Z,Fiserv Forum,Milwaukee Bucks,New York Knicks,
1071,21,2025-03-29T00:10:00Z,Target Center,Minnesota Timberwolves,Phoenix Suns,
1072,21,2025-03-29T00:10:00Z,Smoothie King Center,New Orleans Pelicans,Golden State Warriors,
1073,21,2025-03-29T01:10:00Z,Ball Arena,Denver Nuggets,Utah Jazz,
1074,21,2025-03-29T21:10:00Z,Kia Center,Orlando Magic,Sacramento Kings,
1075,21,2025-03-29T23:10:00Z,Capital One Arena,Washington Wizards,Brooklyn Nets,
1076,21,2025-03-29T23:40:00Z,Wells Fargo Center,Philadelphia 76ers,Miami Heat,
1077,21,2025-03-30T00:10:00Z,United Center,Chicago Bulls,Dallas Mavericks,
1078,21,2025-03-30T00:10:00Z,FedExForum,Memphis Grizzlies,Los Angeles Lakers,
1079,21,2025-03-30T00:10:00Z,Paycom Center,Oklahoma City Thunder,Indiana Pacers,
1080,21,2025-03-30T00:10:00Z,Frost Bank Center,San Antonio Spurs,Boston Celtics,
1081,21,2025-03-30T19:40:00Z,Rocket Mortgage FieldHouse,Cleveland Cavaliers,Los Angeles Clippers,
1082,21,2025-03-30T22:10:00Z,Madison Square Garden,New York Knicks,Portland Trail Blazers,
1083,21,2025-03-30T23:10:00Z,Fiserv Forum,Milwaukee Bucks,Atlanta Hawks,
1084,21,2025-03-30T23:10:00Z,Target Center,Minnesota Timberwolves,Detroit Pistons,
1085,21,2025-03-30T23:10:00Z,Smoothie King Center,New Orleans Pelicans,Charlotte Hornets,
1086,21,2025-03-30T23:10:00Z,Frost Bank Center,San Antonio Spurs,Golden State Warriors,
1087,21,2025-03-30T23:40:00Z,Wells Fargo Center,Philadelphia 76ers,Toronto Raptors,
1088,21,2025-03-31T01:10:00Z,Footprint Center,Phoenix Suns,Houston Rockets,
1089,21,2025-03-31T23:10:00Z,Spectrum Center,Charlotte Hornets,Utah Jazz,
1090,21,2025-03-31T23:10:00Z,Gainbridge Fieldhouse,Indiana Pacers,Sacramento Kings,
1091,21,2025-03-31T23:10:00Z,Kia Center,Orlando Magic,Los Angeles Clippers,
1092,21,2025-03-31T23:10:00Z,Capital One Arena,Washington Wizards,Miami Heat,
1093,21,2025-04-01T00:10:00Z,FedExForum,Memphis Grizzlies,Boston Celtics,
1094,21,2025-04-01T00:10:00Z,Paycom Center,Oklahoma City Thunder,Chicago Bulls,
1095,21,2025-04-01T00:40:00Z,American Airlines Center,Dallas Mavericks,Brooklyn Nets,
1096,21,2025-04-01T02:40:00Z,Crypto.com Arena,Los Angeles Lakers,Houston Rockets,
1097,21,2025-04-01T23:40:00Z,State Farm Arena,Atlanta Hawks,Portland Trail Blazers,
1098,21,2025-04-01T23:40:00Z,Madison Square Garden,New York Knicks,Philadelphia 76ers,
1099,21,2025-04-02T00:10:00Z,United Center,Chicago Bulls,Toronto Raptors,
1100,21,2025-04-02T00:10:00Z,FedExForum,Memphis Grizzlies,Golden State Warriors,
1101,21,2025-04-02T00:10:00Z,Fiserv Forum,Milwaukee Bucks,Phoenix Suns,
1102,21,2025-04-02T02:10:00Z,Ball Arena,Denver Nuggets,Minnesota Timberwolves,
1103,22,2025-04-02T23:10:00Z,Rocket Mortgage FieldHouse,Cleveland Cavaliers,New York Knicks,
1104,22,2025-04-02T23:10:00Z,Gainbridge Fieldhouse,Indiana Pacers,Charlotte Hornets,
1105,22,2025-04-02T23:10:00Z,Capital One Arena,Washington Wizards,Sacramento Kings,
1106,22,2025-04-02T23:40:00Z,TD Garden,Boston Celtics,Miami Heat,
1107,22,2025-04-03T00:10:00Z,Toyota Center,Houston Rockets,Utah Jazz,
1108,22,2025-04-03T00:10:00Z,Paycom Center,Oklahoma City Thunder,Detroit Pistons,
1109,22,2025-04-03T00:40:00Z,American Airlines Center,Dallas Mavericks,Atlanta Hawks,
1110,22,2025-04-03T01:10:00Z,Ball Arena,Denver Nuggets,San Antonio Spurs,
1111,22,2025-04-03T02:10:00Z,Intuit Dome,Los Angeles Clippers,New Orleans Pelicans,
1112,22,2025-04-03T23:10:00Z,Capital One Arena,Washington Wizards,Orlando Magic,
1113,22,2025-04-03T23:40:00Z,Barclays Center,Brooklyn Nets,Minnesota Timberwolves,
1114,22,2025-04-03T23:40:00Z,Kaseya Center,Miami Heat,Memphis Grizzlies,
1115,22,2025-04-03T23:40:00Z,Wells Fargo Center,Philadelphia 76ers,Milwaukee Bucks,
1116,22,2025-04-03T23:40:00Z,Scotiabank Arena,Toronto Raptors,Portland Trail Blazers,
1117,22,2025-04-04T02:10:00Z,Crypto.com Arena,Los Angeles Lakers,Golden State Warriors,
1118,22,2025-04-04T23:10:00Z,Spectrum Center,Charlotte Hornets,Sacramento Kings,
1119,22,2025-04-04T23:10:00Z,Gainbridge Fieldhouse,Indiana Pacers,Utah Jazz,
1120,22,2025-04-04T23:40:00Z,TD Garden,Boston Celtics,Phoenix Suns,
1121,22,2025-04-04T23:40:00Z,Scotiabank Arena,Toronto Raptors,Detroit Pistons,
1122,22,2025-04-05T00:10:00Z,United Center,Chicago Bulls,Portland Trail Blazers,
1123,22,2025-04-05T00:10:00Z,Toyota Center,Houston Rockets,Oklahoma City Thunder,
1124,22,2025-04-05T00:10:00Z,Frost Bank Center,San Antonio Spurs,Cleveland Cavaliers,
1125,22,2025-04-05T02:10:00Z,Chase Center,Golden State Warriors,Denver Nuggets,
1126,22,2025-04-05T02:40:00Z,Crypto.com Arena,Los Angeles Lakers,New Orleans Pelicans,
1127,22,2025-04-05T02:40:00Z,Intuit Dome,Los Angeles Clippers,Dallas Mavericks,
1128,22,2025-04-05T19:10:00Z,State Farm Arena,Atlanta Hawks,New York Knicks,
1129,22,2025-04-05T23:10:00Z,Little Caesars Arena,Detroit Pistons,Memphis Grizzlies,
1130,22,2025-04-05T23:10:00Z,Wells Fargo Center,Philadelphia 76ers,Minnesota Timberwolves,
1131,22,2025-04-06T00:10:00Z,Kaseya Center,Miami Heat,Milwaukee Bucks,
1132,22,2025-04-06T02:40:00Z,Intuit Dome,Los Angeles Clippers,Dallas Mavericks,
1133,22,2025-04-06T17:10:00Z,Spectrum Center,Charlotte Hornets,Chicago Bulls,
1134,22,2025-04-06T19:40:00Z,Barclays Center,Brooklyn Nets,Toronto Raptors,
1135,22,2025-04-06T19:40:00Z,Paycom Center,Oklahoma City Thunder,Los Angeles Lakers,
1136,22,2025-04-06T22:10:00Z,State Farm Arena,Atlanta Hawks,Utah Jazz,
1137,22,2025-04-06T22:10:00Z,TD Garden,Boston Celtics,Washington Wizards,
1138,22,2025-04-06T22:10:00Z,Rocket Mortgage FieldHouse,Cleveland Cavaliers,Sacramento Kings,
1139,22,2025-04-06T22:10:00Z,Moda Center,Portland Trail Blazers,San Antonio Spurs,
1140,22,2025-04-06T23:10:00Z,Madison Square Garden,New York Knicks,Phoenix Suns,
1141,22,2025-04-06T23:10:00Z,Smoothie King Center,New Orleans Pelicans,Orlando Magic,
1142,22,2025-04-07T00:10:00Z,Ball Arena,Denver Nuggets,Indiana Pacers,
1143,22,2025-04-07T00:40:00Z,Chase Center,Golden State Warriors,Houston Rockets,
1144,22,2025-04-07T23:10:00Z,Little Caesars Arena,Detroit Pistons,Sacramento Kings,
1145,22,2025-04-07T23:40:00Z,Kaseya Center,Miami Heat,Philadelphia 76ers,
1146,22,2025-04-08T23:10:00Z,Spectrum Center,Charlotte Hornets,Memphis Grizzlies,
1147,22,2025-04-08T23:10:00Z,Rocket Mortgage FieldHouse,Cleveland Cavaliers,Chicago Bulls,
1148,22,2025-04-08T23:10:00Z,Gainbridge Fieldhouse,Indiana Pacers,Washington Wizards,
1149,22,2025-04-08T23:10:00Z,Kia Center,Orlando Magic,Atlanta Hawks,
1150,22,2025-04-08T23:40:00Z,Barclays Center,Brooklyn Nets,New Orleans Pelicans,
1151,22,2025-04-08T23:40:00Z,Madison Square Garden,New York Knicks,Boston Celtics,
1152,22,2025-04-09T00:10:00Z,Fiserv Forum,Milwaukee Bucks,Minnesota Timberwolves,
1153,22,2025-04-09T00:10:00Z,Paycom Center,Oklahoma City Thunder,Los Angeles Lakers,
1154,22,2025-04-09T02:10:00Z,Footprint Center,Phoenix Suns,Golden State Warriors,
1155,22,2025-04-09T02:40:00Z,Intuit Dome,Los Angeles Clippers,San Antonio Spurs,
1156,23,2025-04-09T23:10:00Z,Kia Center,Orlando Magic,Boston Celtics,
1157,23,2025-04-09T23:10:00Z,Capital One Arena,Washington Wizards,Philadelphia 76ers,
1158,23,2025-04-09T23:40:00Z,Scotiabank Arena,Toronto Raptors,Charlotte Hornets,
1159,23,2025-04-09T23:40:00Z,American Airlines Center,Dallas Mavericks,Los Angeles Lakers,
1160,23,2025-04-10T00:10:00Z,United Center,Chicago Bulls,Miami Heat,
1161,23,2025-04-10T00:10:00Z,Fiserv Forum,Milwaukee Bucks,New Orleans Pelicans,
1162,23,2025-04-10T01:10:00Z,Delta Center,Utah Jazz,Portland Trail Blazers,
1163,23,2025-04-10T02:10:00Z,Chase Center,Golden State Warriors,San Antonio Spurs,
1164,23,2025-04-10T02:10:00Z,Footprint Center,Phoenix Suns,Oklahoma City Thunder,
1165,23,2025-04-10T02:10:00Z,Golden 1 Center,Sacramento Kings,Denver Nuggets,
1166,23,2025-04-10T02:40:00Z,Intuit Dome,Los Angeles Clippers,Houston Rockets,
1167,23,2025-04-10T23:10:00Z,Little Caesars Arena,Detroit Pistons,New York Knicks,
1168,23,2025-04-10T23:10:00Z,Gainbridge Fieldhouse,Indiana Pacers,Cleveland Cavaliers,
1169,23,2025-04-10T23:40:00Z,Barclays Center,Brooklyn Nets,Atlanta Hawks,
1170,23,2025-04-11T01:40:00Z,FedExForum,Memphis Grizzlies,Minnesota Timberwolves,
1171,23,2025-04-11T23:10:00Z,Little Caesars Arena,Detroit Pistons,Milwaukee Bucks,
1172,23,2025-04-11T23:10:00Z,Gainbridge Fieldhouse,Indiana Pacers,Orlando Magic,
1173,23,2025-04-11T23:10:00Z,Wells Fargo Center,Philadelphia 76ers,Atlanta Hawks,
1174,23,2025-04-11T23:40:00Z,TD Garden,Boston Celtics,Charlotte Hornets,
1175,23,2025-04-11T23:40:00Z,Madison Square Garden,New York Knicks,Cleveland Cavaliers,
1176,23,2025-04-12T00:10:00Z,United Center,Chicago Bulls,Washington Wizards,
1177,23,2025-04-12T00:10:00Z,Smoothie King Center,New Orleans Pelicans,Miami Heat,
1178,23,2025-04-12T00:40:00Z,American Airlines Center,Dallas Mavericks,Toronto Raptors,
1179,23,2025-04-12T01:10:00Z,Target Center,Minnesota Timberwolves,Brooklyn Nets,
1180,23,2025-04-12T01:10:00Z,Ball Arena,Denver Nuggets,Memphis Grizzlies,
1181,23,2025-04-12T01:40:00Z,Delta Center,Utah Jazz,Oklahoma City Thunder,
1182,23,2025-04-12T02:10:00Z,Footprint Center,Phoenix Suns,San Antonio Spurs,
1183,23,2025-04-12T02:10:00Z,Moda Center,Portland Trail Blazers,Golden State Warriors,
1184,23,2025-04-12T02:10:00Z,Golden 1 Center,Sacramento Kings,Los Angeles Clippers,
1185,23,2025-04-12T02:40:00Z,Crypto.com Arena,Los Angeles Lakers,Houston Rockets,
1186,23,2025-04-13T17:10:00Z,State Farm Arena,Atlanta Hawks,Orlando Magic,
1187,23,2025-04-13T17:10:00Z,TD Garden,Boston Celtics,Charlotte Hornets,
1188,23,2025-04-13T17:10:00Z,Barclays Center,Brooklyn Nets,New York Knicks,
1189,23,2025-04-13T17:10:00Z,Rocket Mortgage FieldHouse,Cleveland Cavaliers,Indiana Pacers,
1190,23,2025-04-13T17:10:00Z,Kaseya Center,Miami Heat,Washington Wizards,
1191,23,2025-04-13T17:10:00Z,Wells Fargo Center,Philadelphia 76ers,Chicago Bulls,
1192,23,2025-04-13T17:10:00Z,Fiserv Forum,Milwaukee Bucks,Detroit Pistons,
1193,23,2025-04-13T19:40:00Z,Toyota Center,Houston Rockets,Denver Nuggets,
1194,23,2025-04-13T19:40:00Z,FedExForum,Memphis Grizzlies,Dallas Mavericks,
1195,23,2025-04-13T19:40:00Z,Target Center,Minnesota Timberwolves,Utah Jazz,
1196,23,2025-04-13T19:40:00Z,Smoothie King Center,New Orleans Pelicans,Oklahoma City Thunder,
1197,23,2025-04-13T19:40:00Z,Frost Bank Center,San Antonio Spurs,Toronto Raptors,
1198,23,2025-04-13T19:40:00Z,Chase Center,Golden State Warriors,Los Angeles Clippers,
1199,23,2025-04-13T19:40:00Z,Moda Center,Portland Trail Blazers,Los Angeles Lakers,
1200,23,2025-04-13T19:40:00Z,Golden 1 Center,Sacramento Kings,Phoenix Suns,
